200,https://consent.youtube.com/ml?continue=https://youtube.com/&gl=NO&hl=en&pc=yt&uxe=23983172&src=1,1620515497.946838
200,http://www.google.com/,1620515498.485908
200,https://zoom.us/,1620515500.881749
503,https://www.amazon.com/,1620515503.152056
200,https://www.wikipedia.org/,1620515504.81902
200,https://outlook.live.com/owa/,1620515507.269405
200,https://weibo.com/overseas,1620515507.459848
200,https://consent.yahoo.com/v2/collectConsent?sessionId=1_cc-session_ff51592a-bfc1-497d-a297-f1aad3998792,1620515508.539358
200,https://www.facebook.com/,1620515508.803371
200,https://www.office.com/,1620515515.208081
200,https://www.microsoft.com/nb-no/,1620515515.401801
200,https://www.reddit.com/,1620515519.823092
200,https://www.netflix.com/no-en/,1620515523.192663
200,https://panda.tv/,1620515523.739132
403,http://myshopify.com,1620515529.230226
200,http://www.google.com.hk/,1620515531.498782
429,https://www.instagram.com/accounts/login/,1620515539.222228
200,https://m.vk.com/,1620515541.060375
403,https://www.canva.com/,1620515542.011984
200,http://www.bing.com/,1620515550.182012
200,https://www.yahoo.co.jp/,1620515553.38563
404,http://microsoftonline.com,1620515561.141552
200,https://www.okezone.com/,1620515564.063771
200,https://www.twitch.tv/,1620515568.379323
503,http://sohu.com,1620515571.79436
200,https://stackoverflow.com/,1620515576.526786
200,https://www.naver.com/,1620515576.617275
200,https://www.apple.com/,1620515576.717394
200,https://no.bongacams.com/,1620515584.188112
200,https://twitter.com/,1620515586.570425
200,https://www.aparat.com/,1620515586.777511
200,https://www.ebay.com/,1620515596.87446
200,https://www.adobe.com/,1620515608.097757
200,https://www.amazon.in/,1620515615.449673
200,https://www.aliexpress.com/,1620515619.764264
503,http://tmall.com,1620515623.234543
200,https://www.huanqiu.com/,1620515623.848465
503,http://360.cn,1620515624.289104
200,https://www.amazon.co.jp/,1620515629.684196
200,https://yandex.ru/,1620515630.572065
503,http://baidu.com,1620515631.353522
503,http://taobao.com,1620515635.86144
200,https://chaturbate.com/,1620515640.868964
200,https://coinmarketcap.com/,1620515642.895143
200,https://mail.ru/,1620515645.933731
400,https://www.so.com?src=haosou.com,1620515646.763708
TimeoutError,http://jd.com,1620515781.347705
TimeoutError,http://sina.com.cn,1620515788.996321
TimeoutError,http://zhanqi.tv,1620515795.912302
504,http://xinhuanet.com,1620515826.300047
504,http://wordpress.com,1620515826.991735
504,http://ok.ru,1620515827.989223
504,http://csdn.net,1620515834.070414
504,http://alipay.com,1620515841.346705
504,http://msn.com,1620515852.345343
504,http://google.co.in,1620515870.306288
504,http://tianya.cn,1620515879.732056
504,http://yy.com,1620515886.997359
504,http://linkedin.com,1620515924.273749
504,http://17ok.com,1620515924.88078
504,http://chase.com,1620515963.572682
504,http://google.com.br,1620515969.875145
504,http://whatsapp.com,1620515977.370518
504,http://so.com,1620516007.617299
504,http://medium.com,1620516008.344859
504,http://okta.com,1620516008.820599
504,http://etsy.com,1620516009.810945
504,http://instructure.com,1620516015.096883
504,http://amazonaws.com,1620516022.786726
504,http://indeed.com,1620516033.815216
504,http://imdb.com,1620516052.557285
504,http://fandom.com,1620516060.541324
504,http://zoho.com,1620516068.877311
504,http://spotify.com,1620516105.136076
504,http://discord.com,1620516105.676656
504,http://livejasmin.com,1620516124.781752
504,http://tiktok.com,1620516146.07747
504,http://rakuten.co.jp,1620516153.456759
504,http://espn.com,1620516158.411722
504,http://google.de,1620516188.449936
504,http://google.co.jp,1620516189.144918
504,http://gome.com.cn,1620516190.442343
504,http://kompas.com,1620516191.922234
504,http://babytree.com,1620516197.065899
504,http://hao123.com,1620516212.947629
504,http://cnzz.com,1620516218.141373
504,http://pornhub.com,1620516233.649036
504,http://varzesh3.com,1620516242.088511
504,http://intuit.com,1620516249.977236
504,http://imgur.com,1620516285.991385
504,http://detik.com,1620516305.413244
504,http://163.com,1620516326.70992
504,http://flipkart.com,1620516336.588343
504,http://nytimes.com,1620516339.607793
200,https://github.com/,1620516349.635044
200,https://www.roblox.com/,1620516350.453402
200,https://www.zillow.com/captchaPerimeterX/?url=%2f&uuid=bcb67e30-b054-11eb-a242-7f2ab4277313&vid=,1620516358.264563
200,https://www.primevideo.com/,1620516364.152185
200,https://www.telewebion.com/,1620516475.233276
TimeoutError,https://www.amazon.co.uk/,1620516524.258887
500,https://www.walmart.com/,1620516532.162911
200,https://wetransfer.com/,1620516534.678794
200,https://telegram.org/,1620516535.672906
200,https://www.6.cn,1620516541.19675
200,http://www.google.cn/,1620516542.760817
200,https://www.hotstar.com/,1620516543.429867
200,https://xhamster.com,1620516548.624799
200,https://www.bbc.com/,1620516549.023308
200,https://www.grammarly.com:443/,1620516549.031773
200,https://www.ilovepdf.com/,1620516549.96266
200,http://www.google.fr/,1620516550.002131
200,https://www.indiatimes.com/,1620516551.411785
200,http://www.google.it/,1620516552.515537
503,http://padlet.com,1620516554.95749
200,http://www.google.ru/,1620516556.873421
200,https://www.pixnet.net/,1620516558.902314
200,https://www.daum.net/,1620516559.065076
200,https://stackexchange.com/,1620516563.058266
200,https://www.nih.gov/,1620516564.406075
200,https://www.salesforce.com/eu/?ir=1&bc=SM,1620516565.658111
406,https://www.shutterstock.com:443/,1620516568.117014
200,http://www.google.es/,1620516568.239531
200,https://soundcloud.com/,1620516572.353191
200,https://www.wellsfargo.com/,1620516573.137491
200,https://www.salesforce.com/products/platform/products/force/?sfdc-redirect=300&bc=SM,1620516573.151553
200,https://www.amazon.de/,1620516573.475603
200,https://www.digikala.com/,1620516573.514908
200,https://www.booking.com/,1620516573.52507
200,https://www.healthline.com/,1620516580.976001
200,https://www.ettoday.net/,1620516581.538244
200,https://www.xvideos.com/,1620516581.750794
200,https://www.deepl.com/translator,1620516586.575381
200,http://www.google.com.sg/,1620516587.751515
200,https://vimeo.com/,1620516588.113946
200,http://videocampaign.co,1620516592.06127
200,https://www.wix.com/,1620516595.012692
200,https://telegram.org/,1620516595.552154
200,https://www.speedtest.net/,1620516598.334102
200,https://www.bbc.co.uk/,1620516600.265127
200,https://nl.godaddy.com/,1620516600.695268
200,https://www.tistory.com/,1620516602.219616
200,http://www.google.com.tw/,1620516602.862501
200,https://www.mediafire.com/,1620516604.014813
200,https://www.pinterest.com/,1620516606.630327
200,https://www.fedex.com/global/choose-location.html,1620516607.065333
200,https://www.turkiye.gov.tr/,1620516610.830302
403,https://quizlet.com/,1620516615.105471
200,https://www.gosuslugi.ru/,1620516619.449303
200,https://smallpdf.com/,1620516619.702001
403,https://www.cowin.gov.in/,1620516621.702346
200,https://zerodha.com/,1620516626.460704
503,https://www.amazon.ca/,1620516626.684573
200,https://www.onlinesbi.com/,1620516630.355525
200,https://www.trendyol.com/,1620516636.879482
200,https://suara.com/,1620516641.480927
200,https://www.investing.com/,1620516643.012551
200,https://www.americanexpress.com/,1620516643.411586
200,https://archive.org,1620516645.960125
200,https://amsterdam.craigslist.org/,1620516651.986746
200,https://www.ups.com/us/en/global.page,1620516655.115056
200,https://www.usps.com/,1620516657.000367
200,https://www.hdfcbank.com/,1620516659.11703
200,http://www.google.com.mx/,1620516662.520905
200,https://www.theguardian.com/international,1620516665.455867
503,https://yelp.com/,1620516666.60527
200,https://www.youm7.com/,1620516667.275149
200,https://www.liputan6.com/,1620516668.486176
200,http://soso.com,1620516673.682259
200,http://www.google.co.uk/,1620516675.083111
200,https://www.sogou.com/,1620516680.279564
200,https://line.me/en/,1620516683.575181
200,https://www.docusign.com/,1620516686.539246
200,https://mobile.bet9ja.com/Mobile,1620516692.0638
200,https://evernote.com/,1620516694.458882
200,https://www.fidelity.com/,1620516695.017451
403,https://www.binance.com/,1620516704.577926
200,https://www.cnet.com/,1620516706.832868
200,https://www.asos.com/,1620516717.511347
503,http://rednet.cn,1620516736.161006
503,http://51.la,1620516740.713517
200,https://www.homedepot.com/,1620516751.023317
503,http://cnblogs.com,1620516751.979109
200,https://www.researchgate.net/,1620516758.662176
200,https://www.w3schools.com/,1620516759.021214
200,http://www.google.com.tr/,1620516762.597991
200,https://www.chess.com/,1620516764.52725
200,https://www.uol.com.br/,1620516769.907051
200,https://www.ikea.com/,1620516773.182611
502,https://kumparan.com:443/,1620516774.372955
200,https://www.capitalone.com/,1620516774.445191
200,https://www.grid.id:443/,1620516781.210843
200,https://www.worldometers.info/,1620516782.047871
503,http://1688.com,1620516785.321361
200,https://www.manoramaonline.com/home.html,1620516788.242989
200,http://duckduckgo.com,1620516788.398231
200,https://www.box.com,1620516789.106869
200,https://www.avito.ru/rossiya,1620516792.60525
200,https://www.xnxx.com/,1620516798.103609
200,https://www.mozilla.org/en-US/,1620516798.272224
403,https://www.washingtonpost.com/,1620516798.957285
403,http://fiverr.com,1620516802.625548
200,https://www.slideshare.net/,1620516808.81463
200,https://www.ebay.de/,1620516813.194281
200,https://www.hulu.com/welcome,1620516813.229136
200,https://www.wikihow.com/Main-Page,1620516816.464748
503,http://zhihu.com,1620516818.187073
200,https://www.payoneer.com/,1620516821.28539
200,https://www.forbes.com/,1620516825.37924
403,https://chouftv.ma/,1620516827.279658
200,https://www.lazada.sg/,1620516827.536894
200,https://www.disneyplus.com/,1620516829.652324
403,https://www.redfin.com/,1620516833.902612
200,https://www.nfl.com/,1620516833.963234
200,https://www.blackboard.com/,1620516844.357424
200,http://www.360.com/,1620516848.02801
200,https://www.globo.com/,1620516849.285653
200,http://www.google.ca/,1620516850.1347
200,https://www.icicibank.com/,1620516854.061196
200,https://www.ltn.com.tw/,1620516856.949904
200,https://www.coursera.org/,1620516862.795046
200,https://www.cricbuzz.com/,1620516869.324509
403,http://adp.com,1620516870.538219
200,https://users.wix.com/signin?postLogin=https%3A%2F%2Fmanage.wix.com%2Fmy-account%2Fsites&originUrl=https%3A%2F%2Fmanage.wix.com%2Fmy-account%2Fsites&overrideLocale=en&forceRender=true,1620516871.831111
200,https://weather.com/?Goto=Redirected,1620516872.314396
200,https://www.behance.net/,1620516875.906355
503,http://myworkday.com,1620516879.527475
403,https://www.etoro.com/,1620516880.074735
200,https://www.investopedia.com/,1620516882.300076
200,https://www.sindonews.com/,1620516887.742392
200,https://www.y2mate.com/en68,1620516916.343106
403,https://www.realtor.com/,1620516920.309682
403,http://reverso.net,1620516921.804396
200,https://www.airbnb.com/,1620516927.502186
200,https://www.ebay.co.uk/,1620516933.166183
403,https://www.chegg.com/,1620516934.76923
200,https://www.canada.ca/home.html,1620516945.824306
200,https://www.alibaba.com/?__redirected__=1,1620516946.204749
200,https://www.blogger.com/about/?bpli=1,1620516946.880287
200,https://www.businessinsider.com/,1620516952.647327
200,https://www.sberbank.ru/ru/person,1620516959.056125
403,https://mercadolivre.com.br/,1620516967.234992
200,https://www.bloomberg.com/tosv2.html?vid=&uuid=25915690-b056-11eb-b125-e90d68aacd18&url=Lw==,1620516967.611399
200,https://www.moneycontrol.com/,1620516971.829938
200,https://www.reddit.com/,1620516972.867239
200,http://www.google.co.th/,1620516979.494847
200,https://www.ndtv.com/,1620516981.234962
200,https://www.target.com,1620516986.757982
400,http://51yes.com,1620516988.348119
200,https://www.irs.gov/,1620516994.337852
200,https://www.squarespace.com/,1620516997.371566
200,https://www.docusign.net/,1620516999.720547
200,http://www.google.com.sa/,1620517019.591061
200,https://www.freepik.com/,1620517026.674504
200,https://www.foxnews.com/,1620517043.025069
200,https://www.bukalapak.com/,1620517045.774953
200,https://www.metropoles.com/,1620517046.497008
503,http://gmw.cn,1620517050.161158
200,https://t.co/,1620517053.186679
403,https://allegro.pl/,1620517058.129579
200,https://www.samsung.com/no/,1620517061.471128
403,https://mercadolibre.com.mx/,1620517062.290949
TimeoutError,http://bilibili.com,1620517065.990999
200,https://www.patreon.com/,1620517066.30277
502,http://bet365.com,1620517067.396986
200,http://www.google.com.ar/,1620517086.710494
404,http://cloudfront.net,1620517089.50335
TimeoutError,http://aliyun.com,1620517091.567527
403,https://www.dailymail.co.uk/home/index.html,1620517100.454093
200,https://www.amazon.es/,1620517101.632764
404,http://japanpost.jp,1620517105.109292
200,https://www.amazon.it/,1620517113.053685
403,https://namu.wiki/,1620517113.45426
200,https://linktr.ee/,1620517113.576206
TimeoutError,https://www.tokopedia.com/,1620517115.583463
200,https://aliexpress.ru/,1620517120.117162
200,http://www.google.com/videohp,1620517130.005576
200,https://iqoption.com/,1620517130.433623
200,https://www.aajtak.in/,1620517131.143335
200,https://www8.hp.com/no/no/home.html,1620517136.376388
200,https://www.wayfair.com/v/captcha/show?goto=https%3A%2F%2Fwww.wayfair.com%3F&px=1&captcha_status=0,1620517136.919734
503,http://geeksforgeeks.org,1620517144.159028
503,http://sonhoo.com,1620517148.597637
200,https://donya-e-eqtesad.com/,1620517150.549073
200,http://agacelebir.com,1620517151.025432
200,https://www.in.gr/,1620517157.887753
403,https://mercadolibre.com.ar/,1620517159.193675
200,https://www.thesaurus.com/,1620517159.837385
503,http://tudou.com,1620517161.479381
200,https://www.cj.com,1620517163.854099
200,https://www.eghtesadonline.com/,1620517168.201954
200,https://www.ask.com/,1620517172.168349
200,https://www.tdameritrade.com/home.html,1620517173.71228
200,https://www.goodreads.com/,1620517176.979827
200,https://www.hootsuite.com/,1620517177.533966
200,https://www.glassdoor.com/index.htm,1620517180.989067
500,https://shaparak.ir/,1620517187.88206
200,https://www.udemy.com/,1620517188.908655
200,http://www.google.com.eg/,1620517189.743301
200,https://euw.op.gg/,1620517190.402278
TimeoutError,https://www.bestbuy.com/,1620517194.152293
200,https://www.bankofamerica.com/,1620517195.435505
200,https://www.wildberries.ru/,1620517197.749214
200,https://www.namasha.com/,1620517200.737931
200,http://thestartmagazine.com/feed/summary,1620517202.308569
200,https://www.orange.fr/portail,1620517203.201917
403,https://www.sciencedirect.com/,1620517210.181058
200,https://1337x.to/,1620517212.761078
200,https://consent.yahoo.com/v2/collectConsent?sessionId=3_cc-session_30931e02-4aef-4198-ad90-a1ab884f6a23,1620517213.29793
503,http://cnnic.cn,1620517213.717308
200,https://www.td.com/ca/en/about-td/,1620517214.147205
200,https://www.cnnindonesia.com/,1620517215.53837
200,https://www.trustpilot.com/,1620517216.008436
503,http://ih5.cn,1620517218.687006
200,https://www.rt.com/,1620517219.575758
200,https://onlyfans.com/,1620517224.744991
200,https://trello.com/,1620517227.264195
200,https://www.gismeteo.ru/,1620517227.82809
200,https://www.zendesk.com/,1620517229.634055
403,https://www.naukri.com/,1620517229.816908
429,https://www.sahibinden.com/,1620517231.267954
403,https://www.leboncoin.fr/,1620517232.468303
200,https://www.amazon.fr/,1620517234.18126
200,https://flickr.com/,1620517237.330093
200,https://www.xfinity.com/,1620517244.206397
200,https://spankbang.com/,1620517245.420113
200,https://www.exoclick.com/,1620517248.683447
200,http://www.google.pl/,1620517249.204066
200,https://www.espncricinfo.com/,1620517258.120689
404,http://liansuo.com,1620517258.546945
200,https://www.setn.com/,1620517259.475408
200,https://www.filimo.com/,1620517264.749224
200,https://gov.ao/login,1620517269.215558
200,https://www.tripadvisor.com/,1620517274.301501
200,https://ameblo.jp/,1620517275.026073
200,https://www.scribd.com/,1620517275.355927
200,https://www.nicovideo.jp/,1620517431.05132
200,https://www.webmd.com/,1620517434.094949
200,http://www.google.co.id/,1620517439.265213
403,https://www.dell.com/,1620517440.374311
200,https://www.schwab.com/,1620517449.182988
200,https://www.citi.com/,1620517453.292379
404,http://sq.cn,1620517454.543596
200,https://web.de/,1620517456.448713
503,http://zol.com.cn,1620517467.544349
200,https://www.rambler.ru/,1620517474.350652
429,https://www.quora.com/,1620517476.28469
200,https://www.dhl.com/no-no/home.html?locale=true,1620517495.523608
200,https://www.rakuten.com/,1620517498.978024
200,https://www.ninisite.com/,1620517501.046235
200,https://www.ebay-kleinanzeigen.de/,1620517509.616905
200,https://www.cambridge.org/,1620517513.008264
200,https://www.pinterest.com/,1620517521.270085
503,http://ibicn.com,1620517524.378725
200,https://www.coupang.com/,1620517526.99902
200,https://www.elwatannews.com/,1620517527.167997
200,https://adf.ly/?21,1620517530.384024
503,http://iyiou.com,1620517530.747387
200,https://fc2.com/,1620517532.850874
200,https://www.wikimedia.org/,1620517533.251016
200,http://www.google.co.kr/,1620517534.765755
200,https://eu.usatoday.com/,1620517535.454546
200,https://thepiratebay.org/index.html,1620517540.556108
200,https://www.jpnn.com/,1620517543.747285
200,https://www.constantcontact.com/,1620517545.340649
200,https://www.tv9marathi.com/,1620517557.972546
200,https://www.abs-cbn.com/,1620517558.757203
200,http://www.google.az/,1620517559.67266
200,https://note.com/,1620517560.291145
404,http://twimg.com,1620517567.518047
403,https://patch.com/,1620517568.607845
200,https://www.dbs.com.sg/index/default.page,1620517569.30032
200,https://shopee.co.id/,1620517573.014024
200,https://www.weebly.com/,1620517578.203731
403,https://www.costco.com/,1620517586.691218
200,https://www.reuters.com/,1620517590.802179
200,https://www.greenhouse.io/,1620517591.286182
200,https://www.cbssports.com/,1620517591.785349
200,https://www.rbcroyalbank.com/personal.html,1620517595.314461
200,https://us.etrade.com/home,1620517598.667964
403,http://www.qoo10.sg/,1620517599.355407
403,https://www.coursehero.com/,1620517602.654969
503,http://shimo.im,1620517609.564907
200,https://kakaku.com/,1620517609.753748
200,https://www.rctiplus.com/,1620517613.061966
200,https://www.cdc.gov/,1620517620.951904
200,https://divar.ir/,1620517627.138187
200,https://azure.microsoft.com/en-us/,1620517629.233979
200,https://1stepdownload.com/,1620517637.041085
200,https://www.ouedkniss.com/,1620517637.155337
200,https://get-express-vpn.online/,1620517637.832282
200,https://www.ladbible.com/,1620517641.467707
404,https://weblio.jp:443/,1620517646.882632
200,https://www.hurriyet.com.tr/,1620517649.974249
403,http://www.crunchyroll.com/,1620517651.901073
200,https://giphy.com/,1620517664.681772
200,http://www.dmm.co.jp:80/,1620517665.662105
200,https://www.breitbart.com/,1620517671.144383
200,https://www.softonic.com/,1620517673.600575
200,https://ria.ru/,1620517675.955082
200,https://clickpost.jp/,1620517676.36819
200,https://www.ensonhaber.com/,1620517679.821204
200,https://www.gmx.net/,1620517681.778622
200,https://freshdesk.com/,1620517685.53627
200,https://www.seznam.cz/,1620517688.027086
200,https://slack.com/intl/en-no/,1620517689.804364
200,http://chinanetrank.com,1620517696.739495
200,http://www.google.com.au/,1620517700.778337
200,https://genius.com/,1620517703.638116
503,http://360doc.com,1620517710.50465
200,https://nypost.com/,1620517710.929627
200,https://mailchimp.com/,1620517723.934007
200,https://issuu.com:443/,1620517724.971618
200,https://www.shein.com/,1620517728.669322
200,https://wartaekonomi.co.id/,1620517743.481375
200,https://www.schoology.com/,1620517755.725295
503,http://runoob.com,1620517759.921193
503,http://bbcollab.com,1620517766.473711
200,https://www.eghtesadnews.com/,1620517770.71929
200,https://shopee.com.my/,1620517771.239974
200,https://www.surveymonkey.com/,1620517774.884373
TimeoutError,https://www.rakuten-bank.co.jp/,1620517775.954989
200,https://mailchimp.com/about/mcsv-static,1620517780.602556
200,https://www.oracle.com/index.html,1620517780.92453
200,https://shopee.tw/,1620517784.004934
200,https://www.alodokter.com/,1620517788.49003
200,https://www.marca.com/,1620517790.275742
503,http://iqiyi.com,1620517790.81042
200,https://www.biobiochile.cl/,1620517795.163719
200,https://vnexpress.net/,1620517795.978711
200,https://yts.mx/,1620517800.059958
200,https://www.hostgator.com/,1620517810.959381
200,https://www.iherb.com/,1620517814.995825
503,http://58.com,1620517830.967694
503,http://oschina.net,1620517832.090694
200,https://lenta.ru/,1620517837.626342
404,http://bp.blogspot.com,1620517844.994524
403,https://ozon.ru/,1620517848.11788
200,https://www.utorrent.com/,1620517848.236203
404,http://dspultra.com,1620517848.426646
200,https://www.n11.com/,1620517855.123991
400,http://storage.googleapis.com,1620517861.029246
503,http://house365.com,1620517881.608719
200,https://www.verizon.com,1620517895.548287
200,https://www.nikkei.com/,1620517896.518645
200,https://www.yoox.com/,1620517902.950269
404,http://babyschool.com.cn,1620517905.428608
404,http://boc.cn,1620517905.745924
200,https://www.att.com/,1620517908.324797
503,http://focus.cn,1620517913.004764
200,https://www.outbrain.com/,1620517913.646028
200,https://www.smartsheet.com/,1620517915.6204
403,https://coindesk.com/,1620517916.709234
200,https://discord.com/,1620517917.95191
503,http://pulzo.com,1620517925.261558
200,https://www.albawabhnews.com/,1620517927.748445
200,https://teachable.com/,1620517927.981535
200,https://www.hbomax.com/,1620517928.497136
200,https://www.jawapos.com/,1620517931.41128
200,https://feedly.com/,1620517936.78176
200,https://www.hotmart.com/en,1620517939.57749
404,http://banvenez.com,1620517941.097513
200,https://www.messenger.com/,1620517942.474448
403,http://rarbg.to,1620517944.504615
200,https://www.kontan.co.id/,1620517948.270139
200,https://www.ea.com/,1620517948.567565
200,https://wordpress.org/,1620517957.088255
503,http://patria.org.ve,1620517982.031448
200,https://www.sba.gov/,1620517988.170883
200,https://www.deviantart.com/,1620517996.433756
200,https://sourceforge.net/,1620518006.550306
200,https://9gag.com/,1620518006.94
503,http://zhibo8.cc,1620518008.879467
504,http://it168.com,1620518253.699139
504,http://gusuwang.com,1620518255.977376
TimeoutError,http://sina.com.cn,1620571376.204155
200,https://www.apple.com/,1620571458.096703
200,https://twitter.com/,1620571458.943493
200,https://www.yahoo.co.jp/,1620571459.890173
200,https://m.vk.com/,1620571460.621237
200,https://www.aparat.com/,1620571461.576103
200,https://no.bongacams.com/,1620571461.884024
200,https://stackoverflow.com/,1620571462.310696
200,https://www.twitch.tv/,1620571463.071499
200,https://www.okezone.com/,1620571463.20318
200,https://www.ebay.com/,1620571463.452633
403,https://www.canva.com/,1620571463.754472
200,https://www.naver.com/,1620571465.512854
200,http://www.bing.com/,1620571465.515068
200,https://www.adobe.com/,1620571467.985508
200,https://www.huanqiu.com/,1620571471.368037
200,https://www.aliexpress.com/,1620571472.732246
200,https://www.linkedin.com/,1620571472.883706
200,https://yandex.ru/,1620571473.629555
200,https://chaturbate.com/,1620571477.730793
400,https://www.so.com?src=haosou.com,1620571479.129508
404,http://microsoftonline.com,1620571479.224886
TimeoutError,https://www.facebook.com/,1620571527.336441
200,http://medium.com,1620571705.261437
400,https://www.so.com?src=so.com,1620571705.678059
200,https://ok.ru/,1620571706.022716
200,http://www.google.com.br/,1620571706.888362
200,https://wordpress.com/,1620571707.018558
200,https://www.whatsapp.com/,1620571707.240253
200,https://mail.ru/,1620571708.598714
200,https://www.tradingview.com/,1620571709.087658
200,https://coinmarketcap.com/,1620571710.430967
200,https://www.amazon.co.jp/,1620571711.166201
200,https://www.okta.com/,1620571712.660079
200,https://www.instructure.com/,1620571713.003684
200,https://www.fandom.com/,1620571715.944835
200,https://discord.com/,1620571716.589234
200,https://aws.amazon.com/,1620571716.696915
400,https://no.indeed.com?r=us,1620571716.874265
200,https://www.etsy.com/,1620571716.95962
200,https://www.spotify.com/nl/,1620571717.262654
200,https://www.zoho.com/,1620571719.538905
200,http://www.google.co.jp/,1620571724.615704
200,http://www.google.de/,1620571725.040285
200,https://www.kompas.com/,1620571725.295438
200,https://www.tiktok.com/,1620571725.451569
200,https://www.imdb.com/,1620571727.990069
200,https://www.rakuten.co.jp/,1620571728.004119
200,https://www.livejasmin.com/en/girls/,1620571728.572064
200,https://imgur.com/,1620571735.165611
200,https://www.intuit.com/,1620571737.198074
200,https://www.varzesh3.com/,1620571738.149178
200,https://www.pornhub.com/,1620571742.435285
200,https://www.detik.com/,1620571745.553479
200,https://www.espn.com/,1620571755.496566
200,https://www.flipkart.com/,1620571758.807029
200,https://en.savefrom.net/20/,1620571761.138258
200,https://www.nytimes.com/,1620571764.015544
200,https://www.paypal.com/nl/home,1620571767.979287
200,https://www.telewebion.com/,1620571771.000374
200,https://edition.cnn.com/,1620571775.314967
200,https://www.primevideo.com/region/eu,1620571783.050002
200,https://telegram.org/,1620571783.636112
200,https://www.roblox.com/,1620571786.356888
200,https://www.dropbox.com/,1620571787.298597
200,https://www.amazon.co.uk/,1620571787.779502
200,https://www.zillow.com/captchaPerimeterX/?url=%2f&uuid=cd84d7d0-b0d5-11eb-898f-877edba9a4ba&vid=,1620571790.046837
200,http://www.google.cn/,1620571792.772454
200,https://github.com/,1620571798.66056
200,https://wetransfer.com/,1620571798.933609
200,https://www.bbc.com/,1620571799.358299
500,https://www.walmart.com/,1620571801.181702
200,https://www.grammarly.com:443/,1620571806.912129
503,http://tianya.cn,1620571807.80016
503,http://17ok.com,1620571807.974547
200,https://www.indiatimes.com/,1620571810.648447
200,https://xhamster.com,1620571811.894473
200,http://www.google.it/,1620571815.662148
200,http://www.google.fr/,1620571816.053548
200,https://www.tribunnews.com/,1620571816.475631
200,https://www.amazon.in/,1620571817.526089
200,https://www.tumblr.com/,1620571819.317262
200,https://www.6.cn,1620571821.464812
200,https://www.daum.net/,1620571821.720264
200,https://www.hotstar.com/,1620571821.864673
200,https://www.ilovepdf.com/,1620571824.871492
200,http://www.google.ru/,1620571831.154059
200,https://www.nih.gov/,1620571838.016626
200,https://www.pixnet.net/,1620571839.941308
200,https://www.amazon.de/,1620571847.014639
200,https://stackexchange.com/,1620571851.910293
200,https://www.booking.com/,1620571854.615452
503,http://padlet.com,1620571856.806635
406,https://www.shutterstock.com:443/,1620571858.972632
200,https://www.salesforce.com/eu/?ir=1&bc=SM,1620571860.778095
503,http://babytree.com,1620571865.823025
200,http://www.google.es/,1620571869.058181
200,https://www.digikala.com/,1620571869.963201
503,http://gome.com.cn,1620571870.153719
200,https://www.salesforce.com/products/platform/products/force/?sfdc-redirect=300&bc=SM,1620571873.971607
200,https://soundcloud.com/,1620571876.251629
200,https://www.wellsfargo.com/,1620571878.205432
403,http://yy.com,1620571880.373756
200,https://www.healthline.com/,1620571880.496711
200,https://www.xvideos.com/,1620571880.663343
200,https://www.ettoday.net/,1620571886.066766
200,https://www.deepl.com/translator,1620571889.3003
200,http://www.google.com.sg/,1620571889.687621
200,https://vimeo.com/,1620571896.497104
200,https://www.wix.com/,1620571898.48042
200,https://telegram.org/,1620571906.478289
200,https://nl.godaddy.com/,1620571907.766688
200,https://www.bbc.co.uk/,1620571911.563941
200,https://www.tistory.com/,1620571911.657657
200,http://videocampaign.co,1620571913.919041
200,http://www.google.com.tw/,1620571917.583583
200,https://www.speedtest.net/,1620571919.420411
200,https://www.mediafire.com/,1620571923.821956
200,https://www.pinterest.com/,1620572076.06379
TimeoutError,http://163.com,1620572079.1769
504,http://hao123.com,1620572080.596553
TimeoutError,http://cnblogs.com,1620572096.953997
200,https://www.turkiye.gov.tr/,1620572100.156244
200,https://www.fedex.com/global/choose-location.html,1620572100.848559
200,https://www.gosuslugi.ru/,1620572102.493575
200,https://smallpdf.com/,1620572105.415694
403,https://quizlet.com/,1620572108.110948
200,https://www.onlinesbi.com/,1620572108.955262
403,https://www.cowin.gov.in/,1620572110.923097
503,https://www.amazon.ca/,1620572110.955342
200,https://www.trendyol.com/,1620572120.583364
200,https://www.investing.com/,1620572127.236982
200,https://archive.org,1620572134.279059
200,https://suara.com/,1620572134.538765
200,https://zerodha.com/,1620572137.969623
200,https://www.americanexpress.com/,1620572153.941375
200,https://www.usps.com/,1620572165.136133
503,http://1688.com,1620572169.266113
200,https://amsterdam.craigslist.org/,1620572170.061268
200,https://www.ups.com/us/en/global.page,1620572172.550632
200,https://www.liputan6.com/,1620572173.392624
200,https://www.hdfcbank.com/,1620572176.157187
200,http://www.google.com.mx/,1620572178.754443
503,http://rednet.cn,1620572180.470467
503,https://yelp.com/,1620572182.212174
200,https://www.youm7.com/,1620572185.61559
200,http://soso.com,1620572187.35789
200,http://www.google.co.uk/,1620572187.645629
200,https://www.sogou.com/,1620572188.813951
200,https://www.theguardian.com/international,1620572189.346238
200,https://line.me/en/,1620572194.884571
200,https://www.docusign.com/,1620572195.92023
200,https://www.fidelity.com/,1620572196.297151
200,https://evernote.com/,1620572201.034953
TimeoutError,http://bilibili.com,1620572234.463117
TimeoutError,http://aliyun.com,1620572260.167933
TimeoutError,http://cnzz.com,1620572265.312443
200,https://www.cnet.com/,1620572280.823416
403,https://www.binance.com/,1620572286.776974
200,https://www.asos.com/,1620572295.532571
200,https://www.homedepot.com/,1620572297.481411
503,http://51.la,1620572297.871416
200,https://www.researchgate.net/,1620572299.202963
200,https://www.w3schools.com/,1620572301.487055
200,http://www.google.com.tr/,1620572306.21991
200,https://www.uol.com.br/,1620572306.697514
200,https://www.chess.com/,1620572309.444204
200,https://www.capitalone.com/,1620572312.225158
200,https://www.ikea.com/,1620572313.24499
502,https://kumparan.com:443/,1620572314.400703
200,https://www.grid.id:443/,1620572322.655947
200,https://www.worldometers.info/,1620572322.855544
200,http://duckduckgo.com,1620572325.618519
200,https://www.box.com,1620572327.307998
200,https://www.manoramaonline.com/home.html,1620572327.42938
403,https://www.washingtonpost.com/,1620572331.896586
200,https://www.mozilla.org/en-US/,1620572333.96746
200,https://www.xnxx.com/,1620572334.965084
200,https://mobile.bet9ja.com/Mobile,1620572337.53647
403,http://fiverr.com,1620572337.967655
200,https://www.hulu.com/welcome,1620572339.51668
200,https://www.slideshare.net/,1620572341.559305
200,https://www.ebay.de/,1620572348.10892
200,https://www.payoneer.com/,1620572349.511913
200,https://www.wikihow.com/Main-Page,1620572349.622891
200,https://www.forbes.com/,1620572352.035717
200,https://www.ltn.com.tw/,1620572356.009907
403,https://chouftv.ma/,1620572356.341048
403,https://www.redfin.com/,1620572359.086774
200,https://www.disneyplus.com/,1620572360.355854
200,https://www.lazada.sg/,1620572360.720798
200,https://www.globo.com/,1620572360.91982
200,https://namnak.com/,1620572362.741138
200,https://www.blackboard.com/,1620572368.579773
200,https://www.nfl.com/,1620572369.723837
200,https://www.ca.gov/,1620572370.364451
200,http://www.google.ca/,1620572373.268814
200,https://www.coursera.org/,1620572375.159668
200,https://www.icicibank.com/,1620572375.249797
200,http://www.360.com/,1620572380.443794
200,https://www.cricbuzz.com/,1620572385.932883
200,https://users.wix.com/signin?postLogin=https%3A%2F%2Fmanage.wix.com%2Fmy-account%2Fsites&originUrl=https%3A%2F%2Fmanage.wix.com%2Fmy-account%2Fsites&overrideLocale=en&forceRender=true,1620572389.889887
200,https://www.behance.net/,1620572390.886214
200,https://weather.com/?Goto=Redirected,1620572392.805977
403,https://www.realtor.com/,1620572395.019462
200,https://www.reddit.com/,1620572396.494951
403,https://www.etoro.com/,1620572396.81929
200,https://www.investopedia.com/,1620572400.38205
200,https://www.sindonews.com/,1620572403.998764
403,https://www.chegg.com/,1620572404.254993
503,http://zhihu.com,1620572405.566323
403,http://adp.com,1620572407.848854
200,https://www.y2mate.com/en68,1620572409.253861
200,https://www.canada.ca/home.html,1620572409.354419
403,http://reverso.net,1620572411.463223
200,https://www.airbnb.com/,1620572412.827483
200,https://www.ebay.co.uk/,1620572418.377985
503,http://myworkday.com,1620572421.918058
TimeoutError,https://www.tokopedia.com/,1620572422.437283
200,https://www.businessinsider.com/,1620572423.637106
200,https://www.irs.gov/,1620572424.007604
200,https://www.sberbank.ru/ru/person,1620572425.489522
200,https://www.alibaba.com/?__redirected__=1,1620572425.835648
200,https://www.proiezionidiborsa.it/,1620572428.969981
200,https://www.blogger.com/about/?bpli=1,1620572429.625614
403,https://mercadolivre.com.br/,1620572430.434052
200,https://www.bloomberg.com/tosv2.html?vid=&uuid=4afaf4f0-b0d7-11eb-9492-2b129523963d&url=Lw==,1620572432.322366
400,http://51yes.com,1620572434.239131
200,http://www.google.co.th/,1620572434.766263
200,https://www.ndtv.com/,1620572435.047896
200,https://www.moneycontrol.com/,1620572439.503083
200,https://www.webex.com/,1620572440.61364
200,https://www.squarespace.com/,1620572440.920003
200,https://www.target.com,1620572441.633657
200,https://www.docusign.net/,1620572442.412298
200,https://www.freepik.com/,1620572459.136837
200,https://www.foxnews.com/,1620572460.948719
200,https://www.bukalapak.com/,1620572462.388803
200,http://www.google.com.sa/,1620572463.174465
200,https://t.co/,1620572465.838099
403,https://allegro.pl/,1620572468.583514
200,https://www.metropoles.com/,1620572471.597963
200,https://www.samsung.com/no/,1620572471.937869
403,https://mercadolibre.com.mx/,1620572473.569753
200,https://www.patreon.com/,1620572473.767295
200,http://www.google.com.ar/,1620572485.868011
404,http://cloudfront.net,1620572490.746062
200,https://www.amazon.it/,1620572494.140316
403,https://www.dailymail.co.uk/home/index.html,1620572506.908725
200,https://www.avito.ru/rossiya,1620572508.074076
200,https://www.amazon.es/,1620572509.10909
404,http://japanpost.jp,1620572516.745871
200,https://linktr.ee/,1620572518.134315
200,https://aliexpress.ru/,1620572518.598806
403,https://namu.wiki/,1620572524.644838
502,http://bet365.com,1620572525.398515
TimeoutError,http://gmw.cn,1620572683.235553
TimeoutError,http://geeksforgeeks.org,1620572691.462282
TimeoutError,https://www.bestbuy.com/,1620572698.084665
TimeoutError,http://sonhoo.com,1620572705.112613
504,http://cnnic.cn,1620572724.977951
504,http://tudou.com,1620572727.192725
504,http://ih5.cn,1620572734.349911
504,http://sciencedirect.com,1620572825.302591
504,http://www.google.com/videohp,1620572825.434308
504,http://hootsuite.com,1620572863.317246
504,http://glassdoor.com,1620572864.703854
504,http://cj.com,1620572873.428086
504,http://donya-e-eqtesad.com,1620572879.648164
200,http://agacelebir.com,1620572882.297836
403,https://mercadolibre.com.ar/,1620572888.712896
200,https://www.ask.com/,1620572891.000689
200,http://www.google.com.eg/,1620572892.592405
200,https://flickr.com/,1620572953.488483
200,https://www.eghtesadonline.com/,1620572956.358783
200,https://www.udemy.com/,1620572957.068688
200,https://www.wildberries.ru/,1620572972.655354
200,http://thestartmagazine.com/feed/summary,1620572980.534637
200,https://www.bankofamerica.com/,1620572982.834804
200,https://www.trustpilot.com/,1620572985.151143
200,https://1337x.to/,1620572991.00428
200,https://www.rt.com/,1620572994.907243
200,https://www.xfinity.com/,1620573043.72582
200,https://www.cnnindonesia.com/,1620573043.904273
200,https://www.orange.fr/portail,1620573044.617581
200,https://www.td.com/ca/en/about-td/,1620573052.166213
200,https://www.namasha.com/,1620573057.761006
404,http://sq.cn,1620573058.133551
200,https://www.zendesk.com/,1620573060.045618
TimeoutError,https://www.thesaurus.com/,1620573062.537297
TimeoutError,https://shaparak.ir/,1620573062.659069
403,https://www.naukri.com/,1620573065.690126
200,https://spankbang.com/,1620573071.343022
200,https://www.espncricinfo.com/,1620573087.269939
404,http://liansuo.com,1620573088.247098
504,http://gismeteo.ru,1620573175.539888
504,http://iyiou.com,1620573218.950312
504,http://onlyfans.com,1620573224.53479
504,http://ibicn.com,1620573229.492747
TimeoutError,http://zol.com.cn,1620573257.680287
504,http://www.google.pl/,1620573270.577677
200,https://www.nicovideo.jp/,1620573322.535684
200,https://www.schwab.com/,1620573331.012845
200,https://www.rambler.ru/,1620573335.517899
504,http://tripadvisor.com,1620573359.272051
200,http://www.google.co.id/,1620573362.816954
504,http://shimo.im,1620573399.585647
504,http://scribd.com,1620573405.495457
504,http://web.de,1620573512.02894
504,http://quora.com,1620573518.891186
TimeoutError,https://www.rakuten-bank.co.jp/,1620573529.46302
TimeoutError,https://www.citi.com/,1620573539.215907
504,http://ebay-kleinanzeigen.de,1620573540.220881
504,http://360doc.com,1620573547.933337
504,http://elwatannews.com,1620573580.593856
504,http://dhl.com,1620573586.439657
504,http://bbcollab.com,1620573590.958462
504,http://rakuten.com,1620573618.268044
504,http://coupang.com,1620573658.378013
504,http://cambridge.org,1620573692.945451
504,http://wikimedia.org,1620573699.790508
504,http://fc2.com,1620573711.217202
504,http://usatoday.com,1620573720.444762
504,http://aporasal.net,1620573721.399539
504,http://google.co.kr,1620573728.765601
504,http://constantcontact.com,1620573762.482079
504,http://thepiratebay.org,1620573767.398875
504,http://iqiyi.com,1620573775.251606
504,http://google.az,1620573780.650729
504,http://tv9marathi.com,1620573799.742995
504,http://jpnn.com,1620573802.324163
504,http://twimg.com,1620573811.713366
504,http://note.com,1620573840.889221
504,http://runoob.com,1620573861.686085
504,http://abs-cbn.com,1620573874.670884
504,http://cbssports.com,1620573881.023986
504,http://dbs.com.sg,1620573894.218
504,http://shopee.co.id,1620573904.01391
403,https://www.coursehero.com/,1620573907.18897
403,https://patch.com/,1620573907.895322
200,https://us.etrade.com/home,1620573911.018847
200,https://www.weebly.com/,1620573916.603679
200,https://www.reuters.com/,1620573919.458663
200,https://www.rctiplus.com/,1620573921.70529
200,https://www.hurriyet.com.tr/,1620573925.740708
200,https://1stepdownload.com/,1620573933.098666
200,https://get-express-vpn.online/,1620573935.381316
504,http://patria.org.ve,1620573945.55092
504,http://www.rbcroyalbank.com/personal.html,1620573968.890493
504,http://kakaku.com,1620574057.078301
TimeoutError,https://www.greenhouse.io/,1620574085.254529
504,http://ria.ru,1620574108.776169
504,http://weblio.jp,1620574116.006272
504,http://myworkdayjobs.com,1620574117.396987
504,http://softonic.com,1620574127.157346
504,http://www.qoo10.sg/,1620574147.228632
504,http://crunchyroll.com,1620574150.162201
504,http://breitbart.com,1620574158.658599
200,https://www.ouedkniss.com/,1620574179.093008
200,https://www.gmx.net/,1620574183.692161
200,https://www.ensonhaber.com/,1620574185.557794
200,https://clickpost.jp/,1620574191.532095
200,https://www.cdc.gov/,1620574192.112118
200,http://chinanetrank.com,1620574194.198007
200,http://www.google.com.au/,1620574195.49736
200,https://genius.com/,1620574200.957102
503,http://oschina.net,1620574202.220166
200,https://mailchimp.com/,1620574207.834366
200,http://www.dmm.co.jp:80/,1620574214.987562
200,https://giphy.com/,1620574220.094619
200,https://nypost.com/,1620574220.359794
200,https://www.seznam.cz/,1620574237.697605
200,https://slack.com/intl/en-no/,1620574248.948438
200,https://www.eghtesadnews.com/,1620574257.805707
200,https://shopee.com.my/,1620574258.438432
200,https://www.schoology.com/,1620574261.219935
200,https://www.oracle.com/index.html,1620574266.459566
200,https://mailchimp.com/about/mcsv-static,1620574269.909926
200,https://www.marca.com/,1620574276.315081
200,https://wartaekonomi.co.id/,1620574282.01536
200,https://vnexpress.net/,1620574288.372768
503,http://house365.com,1620574295.174168
200,https://yts.mx/,1620574296.34601
200,https://www.shein.com/,1620574297.7078
200,https://issuu.com:443/,1620574310.019697
200,https://www.iherb.com/,1620574315.541472
503,http://58.com,1620574316.42436
200,https://www.att.com/,1620574319.870055
200,https://lenta.ru/,1620574321.081806
TimeoutError,http://pulzo.com,1620574462.48161
504,http://focus.cn,1620574494.614927
504,http://lowes.com,1620574497.051187
504,http://bp.blogspot.com,1620574500.856757
504,http://brilio.net,1620574549.045722
504,http://zhibo8.cc,1620574582.439132
504,http://n11.com,1620574606.400965
504,http://ozon.ru,1620574623.739312
504,http://dspultra.com,1620574627.058151
504,http://babyschool.com.cn,1620574644.240911
403,https://www.yoox.com/,1620574672.89933
504,http://nikkei.com,1620574675.987778
400,http://storage.googleapis.com,1620574677.063976
504,http://verizon.com,1620574683.021859
200,https://www.jawapos.com/,1620574692.817231
200,https://www.kontan.co.id/,1620574701.431823
200,https://feedly.com/,1620574704.350963
200,https://teachable.com/,1620574705.747627
200,https://heavy.com/,1620574705.924422
404,http://banvenez.com,1620574716.548565
200,https://9gag.com/,1620574716.809861
200,https://sourceforge.net/,1620574717.478279
200,https://www.sba.gov/,1620574733.492523
403,https://coindesk.com/,1620574735.247171
200,https://www.hbomax.com/,1620574735.697004
404,http://boc.cn,1620574735.920936
403,http://rarbg.to,1620574737.150944
200,https://www.smartsheet.com/,1620574739.63346
200,https://www.albawabhnews.com/,1620574740.616148
200,https://wordpress.org/,1620574742.367073
200,https://www.outbrain.com/,1620574742.816217
200,https://www.messenger.com/,1620574748.106666
200,https://www.hotmart.com/en,1620574748.10985
200,https://www.ea.com/,1620574752.145956
200,https://www.deviantart.com/,1620574752.668436
503,http://gusuwang.com,1620574826.721786
503,http://it168.com,1620574871.143225
