https://www.amazon.ca/,503,200
https://www.homedepot.com/,403,200
http://t66y.com,403,200
http://mercadolibre.com,403,200
https://www.kbb.com/,403,200
https://www.idealo.de/,429,200
https://www.channelnewsasia.com/,403,200
https://kinokrad.co/,404,200
https://720pizle.org/,404,200
http://sectigo.com,403,200
http://kemenag.go.id,500,200
http://www.officedepot.com/,TimeoutError,200
http://syri.net,500,200
https://www.nykaa.com/,403,200
https://censor.net/,503,200
http://copart.com,403,200
http://elbilad.net,520,200
https://dizilla.net/,404,200
https://codebeautify.org/,403,200
https://www.akonter.com/,503,200
https://publico.transbank.cl,403,200
https://www.mediotiempo.com/,403,200
https://www.tatasky.com:443/,403,200
http://expertvn.com,403,200
https://formswift.com/,403,200
http://left4code.com,444,200
http://www.translatetheweb.com/,404,200
https://www.141jav.com/,503,200
http://2ch-c.net,403,200
https://capitalizemytitle.com/,522,200
http://osvita.ua,403,200
http://studiohd.org,403,200
http://porno365.lol,451,200
https://malltina.com/,403,200
https://unutulmazfilmler.pw/,404,200
https://www.nykaafashion.com/,403,200
https://turkru.tv:443/,404,200
https://en.usenet.nl/,429,200
https://rabona1.com/,403,200
http://studioquadra.net,500,200
