http://apple.com,https://www.apple.com/#ac-gn-menustate,https://www.apple.com/us/shop/goto/bag,https://www.apple.com/us/search
http://www.google.com
http://cloudflare.com
http://microsoft.com,https://www.microsoft.com/nl-nl/,https://www.microsoft.com/microsoft-365,https://www.microsoft.com/microsoft-365/microsoft-office
http://support.google.com,https://support.google.com/?tab=uu,https://support.google.com/support_portal,https://www.google.nl/intl/en/about/products?tab=uh
http://play.google.com,https://www.google.nl/intl/en/about/products?tab=8h,https://accounts.google.com/ServiceLogin?passive=1209600&continue=https://play.google.com/store&followup=https://play.google.com/store&ec=GAZATg,https://policies.google.com/technologies/cookies
http://youtube.com,https://accounts.google.com/ServiceLogin?hl=en-GB&continue=https://youtube.com/&gae=cb-23983172,https://policies.google.com/technologies/cookies?hl=en-GB&utm_source=ucb,https://consent.youtube.com/d?continue=https://youtube.com/&gl=NL&hl=en-GB&pc=yt&uxe=23983172&src=1
http://www.blogger.com,https://www.blogger.com/about/?bpli=1#maincontent,https://www.blogger.com/go/home,https://www.blogger.com/go/signin
http://mozilla.org
http://youtu.be,https://accounts.google.com/ServiceLogin?hl=en-GB&continue=https://www.youtube.com/?feature%3Dyoutu.be&gae=cb-23983172,https://policies.google.com/technologies/cookies?hl=en-GB&utm_source=ucb,https://consent.youtube.com/d?continue=https://www.youtube.com/?feature%3Dyoutu.be&gl=NL&hl=en-GB&pc=yt&uxe=23983172&src=1
http://maps.google.com,https://accounts.google.com/ServiceLogin?hl=en&continue=https://www.google.com/maps&gae=cb-,https://policies.google.com/technologies/cookies?hl=en&utm_source=ucb,https://consent.google.com/d?continue=https://www.google.com/maps&gl=NL&hl=en&pc=m&src=1
http://wordpress.org
http://docs.google.com,https://accounts.google.com/signin/usernamerecovery?continue=https%3A%2F%2Fdocs.google.com%2F&hl=nl,https://accounts.google.com/AccountChooser?continue=https%3A%2F%2Fdocs.google.com%2F&followup=https%3A%2F%2Fdocs.google.com%2F&rip=1&emr=1,https://accounts.google.com/SignUp?continue=https%3A%2F%2Fdocs.google.com%2F
http://en.wikipedia.org,https://en.wikipedia.org/wiki/Main_Page#mw-head,https://en.wikipedia.org/wiki/Main_Page#searchInput,https://en.wikipedia.org/wiki/Wikipedia
http://linkedin.com,https://www.linkedin.com/#main-content,https://www.linkedin.com/legal/cookie-policy,https://www.linkedin.com/?trk=guest_homepage-basic_nav-header-logo
http://sites.google.com,https://accounts.google.com/signin/usernamerecovery?continue=https%3A%2F%2Fsites.google.com%2F&service=jotspot&hl=nl,https://accounts.google.com/AccountChooser?continue=https%3A%2F%2Fsites.google.com%2F&followup=https%3A%2F%2Fsites.google.com%2F&service=jotspot&rip=1,https://accounts.google.com/SignUp?service=jotspot&continue=https%3A%2F%2Fsites.google.com%2F
http://europa.eu,https://europa.eu/european-union/index_en,https://europa.eu/#menu,https://europa.eu/#content
http://accounts.google.com,https://accounts.google.com/signin/usernamerecovery?continue=https%3A%2F%2Faccounts.google.com%2F&hl=nl,https://accounts.google.com/AccountChooser?continue=https%3A%2F%2Faccounts.google.com%2F&followup=https%3A%2F%2Faccounts.google.com%2F&rip=1,https://accounts.google.com/SignUp?continue=https%3A%2F%2Faccounts.google.com%2F
http://drive.google.com,https://www.google.com/intl/nl_ALL/drive/,https://www.google.com/intl/nl/drive/#page-content,https://accounts.google.com/ServiceLogin?service=wise&passive=true&continue=http%3A%2F%2Fdrive.google.com%2F%3Futm_source%3Den&utm_medium=button&utm_campaign=web&utm_content=gotodrive&usp=gtd&ltmpl=drive
http://vimeo.com,https://vimeo.com/join,https://vimeo.com/log_in,https://vimeo.com/solutions/marketing
http://adobe.com,https://www.adobe.com/creativecloud/catalog/desktop.html?promoid=PTYTQ77P&mv=other#mini-plans-web-cta-creative-cloud-card,https://www.adobe.com/creativecloud.html,https://www.adobe.com/creativecloud/buy/students.html?promoid=P79NQTWV&mv=other
http://plus.google.com,https://accounts.google.com/signin/usernamerecovery?continue=https%3A%2F%2Fplus.google.com%2F&osid=1&hl=nl,https://accounts.google.com/AccountChooser?continue=https%3A%2F%2Fplus.google.com%2F&followup=https%3A%2F%2Fplus.google.com%2F&osid=1&rip=1,https://accounts.google.com/SignUp?continue=https%3A%2F%2Fplus.google.com%2F
http://es.wikipedia.org,https://es.wikipedia.org/wiki/Wikipedia:Portada#mw-head,https://es.wikipedia.org/wiki/Wikipedia:Portada#searchInput,https://es.wikipedia.org/wiki/Wikipedia:Bienvenidos
http://pt.wikipedia.org,https://pt.wikipedia.org/wiki/Wikip%C3%A9dia:P%C3%A1gina_principal#content,https://pt.wikipedia.org/wiki/Wikip%C3%A9dia:P%C3%A1gina_principal,https://pt.wikipedia.org/wiki/Especial:Minha_discuss%C3%A3o
http://bbc.co.uk,https://www.bbc.com,https://www.bbc.co.uk/#main-heading,https://www.bbc.co.uk/accessibility/
http://amazon.com,https://www.amazon.com/ref=nav_logo,https://www.amazon.com/gp/customer-preferences/select-language/ref=topnav_lang_ais?preferencesReturnUrl=%2F,https://www.amazon.com/ap/signin?openid.pape.max_auth_age=0&openid.return_to=https%3A%2F%2Fwww.amazon.com%2F%3F_encoding%3DUTF8%26ref_%3Dnav_ya_signin&openid.identity=http%3A%2F%2Fspecs.openid.net%2Fauth%2F2.0%2Fidentifier_select&openid.assoc_handle=usflex&openid.mode=checkid_setup&openid.claimed_id=http%3A%2F%2Fspecs.openid.net%2Fauth%2F2.0%2Fidentifier_select&openid.ns=http%3A%2F%2Fspecs.openid.net%2Fauth%2F2.0&
http://uol.com.br,https://www.uol.com.br/#versao-mobile,https://batepapo.uol.com.br/,https://meunegocio.uol.com.br/?utm_source=uol.com.br&utm_medium=barrauol&utm_campaign=linkfixo-barrauol-umn&utm_term=barrauol-umn&utm_content=barrauol-umn
http://cnn.com,https://edition.cnn.com/,https://edition.cnn.com/world,https://edition.cnn.com/politics
http://vk.com,https://vk.com/away.php?to=https%3A%2F%2Fwww.google.com%2Fchrome&badbrowser=chrome,https://vk.com/away.php?to=https%3A%2F%2Fwww.mozilla.org&badbrowser=firefox,https://vk.com/away.php?to=https%3A%2F%2Fwww.opera.com&badbrowser=opera
http://facebook.com
http://istockphoto.com,https://www.istockphoto.com/nl/stockfoto,https://www.istockphoto.com/nl/stockfoto#curated-content,https://www.istockphoto.com/nl/collaboration/boards/AwxaA_jHWUyul-5RWiY4UA
http://github.com,https://github.com/#start-of-content,https://docs.github.com/articles/supported-browsers,https://github.com/join?ref_cta=Sign+up&ref_loc=header+logged+out&ref_page=%2F&source=header-home
http://line.me,https://line.me/en/#mainService,https://line.me/en/#communication,https://line.me/en/#allProduct
http://www.yahoo.com,https://mail.yahoo.com/,https://news.yahoo.com/,https://finance.yahoo.com/
http://wikimedia.org,https://meta.wikimedia.org/wiki/Special:MyLanguage/Wikimedia_movement,https://meta.wikimedia.org/wiki/Our_projects,https://meta.wikimedia.org/wiki/Special:MyLanguage/Wikimedia_chapters
http://forbes.com,https://www.forbes.com/worlds-billionaires/,https://www.forbes.com/billionaires/,https://www.forbes.com/forbes-400/
http://opera.com,https://www.opera.com/computer,https://www.opera.com/mobile,https://www.opera.com/features
http://creativecommons.org,https://creativecommons.org/#content,https://creativecommons.org/share-your-work/,https://creativecommons.org/use-remix/
http://dropbox.com,https://www.dropbox.com/help/4213,https://www.dropbox.com/business/customers,https://www.dropbox.com/app-integrations
http://imdb.com,https://www.imdb.com/?ref_=nv_home,https://www.imdb.com/calendar/?ref_=nv_mv_cal,https://www.imdb.com/list/ls016522954/?ref_=nv_tvv_dvd
http://google.co.jp
http://google.de
http://bbc.com,https://www.bbc.co.uk,https://www.bbc.com/#orb-modules,https://www.bbc.co.uk/accessibility/
http://myspace.com,https://myspace.com/search,https://myspace.com/discover/featured,https://myspace.com/discover/songs
http://mail.ru,https://e.mail.ru/login?from=main,https://calls.mail.ru/?fm=1,https://cloud.mail.ru/?utm_source=mainpage_promo&utm_medium=mainpage_promo&utm_campaign=%D0%B8%D0%BA%D0%BE%D0%BD%D0%BA%D0%B8%20%D0%BD%D0%B0%20%D0%B3%D0%BB%D0%B0%D0%B2%D0%BD%D0%BE%D0%B9/
http://jimdofree.com,https://www.jimdo.com/blog/our-mission/,https://www.jimdo.com/,https://www.jimdo.com/website/how-to-create/
http://live.com,https://go.microsoft.com/fwlink/?linkid=2087918,https://go.microsoft.com/fwlink/?linkid=2087917,https://outlook.live.com/owa/?nlp=1
http://reuters.com,https://www.reutersagency.com/en/media-center/welcome-to-the-new-reuters-com/,https://www.reuters.com/#main-content,https://www.reuters.com/world/
http://theguardian.com,https://www.theguardian.com/international#maincontent,https://www.theguardian.com/international,"https://support.theguardian.com/contribute?INTCMP=header_support_contribute&acquisitionData=%7B%22source%22:%22GUARDIAN_WEB%22,%22componentType%22:%22ACQUISITIONS_HEADER%22,%22componentId%22:%22header_support_contribute%22%7D"
http://medium.com,https://medium.com/about?autoplay=1,https://medium.com/membership,https://about.medium.com/creators/
http://google.es
http://mail.google.com,https://www.google.com/intl/nl/gmail/about/#jump-content,https://workspace.google.com/products/gmail/?utm_source=gmailforwork&utm_medium=et&utm_campaign=global-xsell-website-ft-gmail_for_work_googleworkspacelink&utm_content=forwork,https://accounts.google.com/AccountChooser?service=mail&continue=https://mail.google.com/mail/
http://news.google.com,https://accounts.google.com/ServiceLogin?hl=en-US&continue=https://news.google.com/&gae=cb-,https://policies.google.com/technologies/cookies?hl=en-US&utm_source=ucb,https://consent.google.com/d?continue=https://news.google.com/&gl=NL&hl=en-US&pc=n&src=1
http://dailymotion.com
http://w3.org,http://www.w3.org/standards/,http://www.w3.org/participate/,http://www.w3.org/Consortium/membership
http://www.weebly.com,https://www.weebly.com/websites,https://www.weebly.com/online-store,https://www.weebly.com/pricing
http://t.me,https://telegram.org/,https://telegram.org/?setln=en,https://telegram.org/?setln=id
http://feedburner.com,https://accounts.google.com/signin/usernamerecovery?continue=https%3A%2F%2Ffeedburner.google.com%2Ffb%2Fa%2Fmyfeeds&service=feedburner&hl=nl,https://accounts.google.com/AccountChooser?continue=https%3A%2F%2Ffeedburner.google.com%2Ffb%2Fa%2Fmyfeeds&service=feedburner&rip=1,https://accounts.google.com/SignUp?service=feedburner&continue=https%3A%2F%2Ffeedburner.google.com%2Ffb%2Fa%2Fmyfeeds
http://whatsapp.com
http://fr.wikipedia.org,https://fr.wikipedia.org/wiki/Wikip%C3%A9dia:Accueil_principal#content,https://fr.wikipedia.org/wiki/Wikip%C3%A9dia:Accueil_principal,https://fr.wikipedia.org/wiki/Sp%C3%A9cial:Mes_discussions
http://policies.google.com,https://www.google.nl/intl/en/about/products,https://accounts.google.com/ServiceLogin?passive=1209600&continue=https://policies.google.com/&followup=https://policies.google.com/&ec=GAZAoQQ,https://policies.google.com/privacy
http://hugedomains.com,https://www.HugeDomains.com/index.cfm,https://www.HugeDomains.com/faq.cfm,https://www.HugeDomains.com/about.cfm
http://developers.google.com,https://developers.google.com/products,https://developer.android.com,https://cloud.google.com
http://issuu.com,https://issuu.com:443/,https://issuu.com:443/pricing?issuu_product=header&issuu_subproduct=anon_home&issuu_context=link&issuu_cta=try?issuu_product=header&issuu_subproduct=anon_home&issuu_context=link&issuu_cta=try,https://issuu.com:443/features?issuu_product=header&issuu_subproduct=anon_home&issuu_context=link&issuu_cta=features
http://msn.com,https://www.msn.com/nl-nl,https://login.live.com/login.srf?wa=wsignin1.0&rpsnv=13&ct=1621377279&rver=7.0.6730.0&wp=LBI&wreply=https%3a%2f%2fwww.msn.com%2fnl-nl%2fhomepage%2fSecure%2fPassport%3fru%3dhttps%253a%252f%252fwww.msn.com%252fnl-nl%252f%253fpfr%253d1&lc=1033&id=1184&mkt=nl-nl&pcexp=True,https://www.msn.com/nl-nl/#temp
http://abril.com.br,http://www.sac.abril.com.br/?_ga=1.195073060.947681749.1480426162,https://www.goread.com.br/,https://www.assine.abril.com.br/portal/paginasEstaticas!showFaleConosco.action
http://google.com.br
http://nih.gov,https://www.nih.gov/#main-content,https://www.hhs.gov,http://employees.nih.gov/
http://slideshare.net,https://www.slideshare.net/terms,https://www.slideshare.net/privacy,https://www.slideshare.net/explore
http://globo.com,https://minhaconta.globo.com,https://g1.globo.com/,https://globoesporte.globo.com/
http://nytimes.com,https://www.nytimes.com/#after-dfp-ad-top,https://www.nytimes.com/#site-content,https://www.nytimes.com/#site-index
http://paypal.com
http://get.google.com
http://who.int
http://latimes.com,https://www.latimes.com/business,https://www.latimes.com/california,https://www.latimes.com/environment
http://steampowered.com,https://store.steampowered.com/login/?redir=&redir_ssl=1&snr=1_4_4__global-header,https://store.steampowered.com/?snr=1_4_4__global-responsive-menu,https://store.steampowered.com/explore/?snr=1_4_4__global-responsive-menu
http://bit.ly,https://bitly.com/#content,https://bitly.com/pages,https://bitly.com/pages/why-bitly
http://www.gov.uk
http://news.yahoo.com,https://www.yahoo.com/,https://mail.yahoo.com/?.intl=us&.lang=en-US,https://finance.yahoo.com/
http://cdc.gov,https://www.cdc.gov/#content,https://www.cdc.gov/#az-large,https://www.cdc.gov/spanish/
http://wikia.com,https://www.fandom.com/,https://www.fandom.com/topics/games,https://www.fandom.com/topics/movies
http://apache.org,https://apache.org/#maincontent,https://apache.org/index.html#news,https://apache.org/foundation
http://nasa.gov
http://un.org,https://www.un.org/ar/observances/earth-day,https://www.un.org/zh/observances/earth-day,https://www.un.org/en/observances/earth-day
http://books.google.com,https://www.google.nl/intl/en/about/products?tab=ph,https://www.google.com/accounts/Login?service=print&continue=https://books.google.com/%3Fhl%3Den&hl=en&ec=GAZACg,https://books.google.nl/?hl=en&tab=pp
http://aboutads.info
http://time.com,https://cloud.newsletters.time.com/newsletters/?source=TD_CMS_HP_Nav,https://time.com/manage-account-header,https://emagazines.com/Account/VipLogin/1B260DD4-FCAE-4A2D-9AC3-9C5C66572252
http://webmd.com,https://www.webmd.com/#main-container,https://www.webmd.com/coronavirus,https://symptoms.webmd.com/default.htm
http://fandom.com,https://www.fandom.com/topics/games,https://www.fandom.com/topics/movies,https://www.fandom.com/topics/tv
http://google.it
http://draft.blogger.com,https://draft.blogger.com/about/?bpli=1#maincontent,https://draft.blogger.com/go/home,https://draft.blogger.com/go/signin
http://rakuten.co.jp,https://network.mobile.rakuten.co.jp/,https://ranking.rakuten.co.jp/,https://event.rakuten.co.jp/superdeal/
http://tools.google.com,https://support.google.com/accounts/answer/3118621?hl=en,https://policies.google.com/technologies/cookies?hl=en,https://www.google.com/chrome/
http://change.org,https://www.change.org/start-a-petition?source_location=header,https://www.change.org/u/me,https://www.change.org/petitions
http://myaccount.google.com,https://www.google.com/account/about/,https://www.google.com/account/about/?hl=en#jump-content,https://accounts.google.com/ServiceLogin?service=accountsettings&continue=https://myaccount.google.com%3Futm_source%3Daccount-marketing-page%26utm_medium%3Dgo-to-account-button
http://dailymail.co.uk,https://www.dailymail.co.uk/home/index.html,https://www.dailymail.co.uk/news/index.html,https://www.dailymail.co.uk/ushome/index.html
http://translate.google.com,https://accounts.google.com/ServiceLogin?hl=en-US&continue=https://translate.google.com/&gae=cb-,https://policies.google.com/technologies/cookies?hl=en-US&utm_source=ucb,https://consent.google.com/d?continue=https://translate.google.com/&gl=NL&hl=en-US&pc=t&src=1
http://buydomains.com,https://www.buydomains.com/contact-buydomains/,https://checkout.buydomains.com,https://policies.google.com/privacy
http://independent.co.uk
http://google.co.uk
http://thesun.co.uk,https://www.thesun.co.uk/#main-content,https://login.thesun.co.uk?gotoUrl=https://www.thesun.co.uk?login=true,https://www.the-sun.com/
http://booking.com
http://networkadvertising.org,https://www.networkadvertising.org/#main-menu,https://www.linkedin.com/company/network-advertising-initiative-nai-,https://www.facebook.com/pages/Network-Advertising-Initiative/1404760919736948
http://cpanel.com,https://cpanel.net/wordpress-toolkit/,https://cpanel.net/,https://cpanel.net/products/
http://pinterest.com
http://hatena.ne.jp,https://www.microsoft.com/edge,https://www.mozilla.org/firefox/new/,https://www.google.com/chrome/
http://cpanel.net,https://cpanel.net/wordpress-toolkit/,https://cpanel.net/products/,https://cpanel.net/products/cpanel-whm-features/
http://telegraph.co.uk,https://www.telegraph.co.uk/#main-content,https://www.telegraph.co.uk/news/0/introducing-new-telegraph-app/,https://www.telegraph.co.uk/rewards/?icid=subs-offers_rewards_nav-bar_generic_utilities_1019
http://ebay.com,https://www.ebay.com/#mainContent,https://www.ebay.com/sch/ebayadvsearch,https://signin.ebay.com/ws/eBayISAPI.dll?SignIn&_trksid=m570.l3348
http://archive.org,https://archive.org#maincontent,http://blog.archive.org/2020/06/10/temporary-national-emergency-library-to-close-2-weeks-early-returning-to-traditional-controlled-digital-lending/,https://archive.org/create/
http://gravatar.com,http://wordpress.com,http://vaultpress.com,http://akismet.com
http://marketingplatform.google.com
http://washingtonpost.com,https://www.washingtonpost.com/gdpr-consent/?next_url=https%3a%2f%2fwww.washingtonpost.com%2f,https://www.washingtonpost.com/?tid=tst_homelink,https://subscribe.washingtonpost.com/acquisition/?nid=top_pb_subscribe&promo=o2&oscode=RPWH&p=s_v&s_l=ONSITE_HEADER_FRONT&acqEntType=mktg_onsite_homepage&destination=https://www.washingtonpost.com/gdpr-consent/&tid=nav_subscribe_logged_out
http://de.wikipedia.org,https://de.wikipedia.org/wiki/Wikipedia:Hauptseite#mw-head,https://de.wikipedia.org/wiki/Wikipedia:Hauptseite#searchInput,https://de.wikipedia.org/wiki/Wikipedia:Hauptseite#artikel
http://search.google.com
http://plesk.com,https://www.plesk.com/#jupiterx-primary,https://www.plesk.com/tel:0034944580658,https://www.plesk.com/partners/
http://namecheap.com,https://www.namecheap.com/support/,https://support.namecheap.com/index.php?/Tickets/Submit,https://www.namecheap.com/help-center/live-chat/
http://wired.com,https://www.wired.com/auth/initiate,https://subscribe.wired.com/subscribe/splits/wired/WIR_FAILSAFE?source=HCL_WIR_MOBILE_NAVBAR_FAILSFE_0,https://subscribe.wired.com/subscribe/splits/wired/WIR_FAILSAFE?source=HCL_WIR_GLOBAL_NAVBAR_FAILSAFE_0
http://files.wordpress.com,https://wordpress.com/,https://wordpress.com/pricing/,https://wordpress.com/wp-login.php?redirect_to=https%3A%2F%2Fwordpress.com%2F
http://mediafire.com,https://www.mediafire.com/help/submit_a_ticket.php,https://www.mediafire.com/help/,https://www.mediafire.com/upgrade
http://fb.com
http://google.pl
http://aol.com,https://oidc.www.aol.com/login/?lang=en-us&intl=us&src=fp-us&dest=https%3A%2F%2Fwww.aol.com%2F,https://mail.aol.com,http://discover.aol.com/products-and-services?tags=downloads
http://android.com
http://dan.com,https://dan.com/users/login,https://dan.com/users/signup,https://dan.com/#market-place
http://picasaweb.google.com,https://accounts.google.com/signin/usernamerecovery?continue=https%3A%2F%2Fget.google.com%2Falbumarchive&hl=en,https://accounts.google.com/AccountChooser?continue=https%3A%2F%2Fget.google.com%2Falbumarchive&followup=https%3A%2F%2Fget.google.com%2Falbumarchive&rip=1,https://accounts.google.com/SignUp?continue=https%3A%2F%2Fget.google.com%2Falbumarchive
http://abcnews.go.com,https://abcnews.go.com/Video,https://abcnews.go.com/Live,https://abcnews.go.com/US
http://telegram.me,https://telegram.org/,https://telegram.org/?setln=en,https://telegram.org/?setln=id
http://it.wikipedia.org,https://it.wikipedia.org/wiki/Pagina_principale#mw-head,https://it.wikipedia.org/wiki/Pagina_principale#searchInput,https://it.wikipedia.org/wiki/Aiuto:Benvenuto
http://wsj.com,https://www.wsj.com/about-us?mod=wsjcorphat,https://www.barrons.com,http://bigcharts.marketwatch.com
http://scribd.com
http://google.fr
http://usatoday.com,https://eu.usatoday.com/#mainContentSection,https://eu.usatoday.com/,https://eu.usatoday.com/news/
http://youronlinechoices.com,http://youronlinechoices.com/goodpractice,http://youronlinechoices.com/how_does_this_website_work.html,http://youronlinechoices.com/at/
http://goo.gl,https://developers.googleblog.com/,https://developers.googleblog.com/2018/03/transitioning-google-url-shortener.html,https://googleblog.blogspot.com/2009/12/making-urls-shorter-for-google-toolbar.html
http://lefigaro.fr,https://www.lefigaro.fr/#fig-page,https://abonnement.lefigaro.fr/lefigaro?origine=VWH16003&ga_source=VWH16003_header_ouvert&redirect_uri=__uri__,https://recherche.lefigaro.fr/recherche/
http://samsung.com,https://www.samsung.com/nl/#content,https://www.samsung.com/nl/#accHelp,https://www.samsung.com/us/support/account/benefits/
http://terra.com.br
http://id.wikipedia.org,https://id.wikipedia.org/wiki/Halaman_Utama#mw-head,https://id.wikipedia.org/wiki/Halaman_Utama#searchInput,https://id.wikipedia.org/wiki/Wikipedia
http://amazon.co.jp,https://www.amazon.co.jp/-/en/ref=nav_logo,https://www.amazon.co.jp/-/en/gp/customer-preferences/select-language/ref=topnav_lang_ais?preferencesReturnUrl=%2F,https://www.amazon.co.jp/ap/signin?openid.pape.max_auth_age=0&openid.return_to=https%3A%2F%2Fwww.amazon.co.jp%2F%3F_encoding%3DUTF8%26ref_%3Dnav_ya_signin&openid.identity=http%3A%2F%2Fspecs.openid.net%2Fauth%2F2.0%2Fidentifier_select&openid.assoc_handle=jpflex&openid.mode=checkid_setup&openid.claimed_id=http%3A%2F%2Fspecs.openid.net%2Fauth%2F2.0%2Fidentifier_select&openid.ns=http%3A%2F%2Fspecs.openid.net%2Fauth%2F2.0&
http://huffingtonpost.com,https://www.huffpost.com/feature/coronavirus,https://www.huffpost.com/news/,https://www.huffpost.com/news/us-news
http://huffpost.com,https://www.huffpost.com/feature/coronavirus,https://www.huffpost.com/news/,https://www.huffpost.com/news/us-news
http://cnet.com,https://www.cnet.com/news/google-io-keynote/,https://www.cnet.com/news/google-and-samsung-are-combining-to-reboot-android-watches-with-a-dose-of-fitbit-too/,https://www.cnet.com/news/eurovision-2021-peacock-is-now-the-exclusive-us-streamer-heres-when-to-watch/
http://ig.com.br
http://office.com,https://www.microsoft.com,https://www.microsoft.com/en-gb/microsoft-365/buy/compare-all-microsoft-365-products,https://www.microsoft.com/en-gb/microsoft-365/p/microsoft-365-family/cfq7ttc0k5dm
http://businessinsider.com
http://wa.me
http://4shared.com,https://www.4shared.com/servlet/signin/twitter?fp=https%3A%2F%2Fwww.4shared.com%2Faccount%2Fhome.jsp,https://www.4shared.com/servlet/signin/facebook?fp=https%3A%2F%2Fwww.4shared.com%2Faccount%2Fhome.jsp,https://www.4shared.com/servlet/signin/google?fp=https%3A%2F%2Fwww.4shared.com%2Faccount%2Fhome.jsp
http://amazon.co.uk,https://www.amazon.co.uk/cookieprefs?ref_=portal_banner_cpp,https://www.amazon.co.uk/ref=nav_logo,https://www.amazon.co.uk/gp/customer-preferences/select-language/ref=topnav_lang?preferencesReturnUrl=%2F
http://foxnews.com,https://www.foxnews.com/us,https://www.foxnews.com/politics,https://www.foxnews.com/media
http://bloomberg.com,https://www.bloomberg.com/europe#skip-to-main-content,https://www.bloomberg.com/europe#that-jump-content--default,http://www.bloomberg.com/company/?utm_source=bloomberg-menu&utm_medium=bcom
http://ok.ru
http://amazon.de,https://www.amazon.de/cookieprefs?ref_=portal_banner_cpp,https://www.amazon.de/ref=nav_logo,https://www.amazon.de/gp/customer-preferences/select-language/ref=topnav_lang?preferencesReturnUrl=%2F
http://elpais.com,https://www.mozilla.org/es-ES/firefox/new/,https://www.microsoft.com/es-es/edge,https://www.google.com/intl/es_es/chrome/
http://google.ru
http://photos.google.com,https://www.google.com/photos/about/,https://photos.app.goo.gl/y2mM,https://photos.google.com/login
http://aliexpress.com,https://itunes.apple.com/app/aliexpress-for-ipad/id854356557,https://sale.aliexpress.com/cookie-setting.htm,https://service.aliexpress.com/page/home?pageId=17&language=en
http://harvard.edu,https://www.harvard.edu/#main-content,https://www.harvard.edu/coronavirus,https://www.directory.harvard.edu/
http://tinyurl.com
http://academia.edu,https://www.academia.edu/#site,https://www.academia.edu/upgrade-browser,https://www.academia.edu/privacy
http://surveymonkey.com,https://www.surveymonkey.com/?ut_source=homepage&ut_source3=header,https://www.surveymonkey.com/mp/take-a-tour/,https://www.surveymonkey.com/mp/enterprise/
http://twitch.tv
http://newyorker.com,https://www.newyorker.com/#main-content,https://www.newyorker.com/newsletters,https://www.newyorker.com/account/saved
http://rambler.ru
http://stanford.edu
http://disney.com,https://www.disney.com/creations,https://www.disneyplus.com/welcome?cid=DTCI-Synergy-Disneycom-Site-NA-DisneyPlus-US-DisneyPlus-DisneyPlus-EN-GlobalNav-Desktop,https://www.disneyplus.com/welcome?cid=DTCI-Synergy-Disneycom-Site-NA-DisneyPlus-US-DisneyPlus-DisneyPlus-EN-DropdownNav-Mobile
http://eventbrite.com,https://www.eventbrite.com/#skip-heading,https://www.eventbrite.com/login/?referrer=%2F,https://www.eventbrite.com/blog/how-to-register-for-events-with-time-slots/
http://wikihow.com,https://www.wikihow.com/Main-Page,https://www.wikihow.com/Main-Page#wh-dialog-login,https://www.wikihow.com/Special:UserLogin?type=signup
http://wiley.com,https://www.wiley.com/en-nl#maincontent,https://www.wiley.com/en-nl/,https://customer.uk.wiley.com/CGI-BIN/lansaweb?procfun+shopcart+shcfn01+funcparms+parmurl(l0350):https%3A%2F%2Fwww.wiley.com%2Fen-nl+parmhybrs(a0010):Y
http://welt.de,https://www.welt.de/newsticker/,https://digitale-angebote.welt.de/?cid=onsite.ca.performance.aquisition.welt_plus.abo-button.neu,https://www.welt.de/apps/
http://indiatimes.com,https://www.indiatimes.com/login,https://www.indiatimes.com/videos,https://www.indiatimes.com/news
http://pl.wikipedia.org,https://pl.wikipedia.org/wiki/Wikipedia:Strona_g%C5%82%C3%B3wna#mw-head,https://pl.wikipedia.org/wiki/Wikipedia:Strona_g%C5%82%C3%B3wna#searchInput,https://pl.wikipedia.org/wiki/Wikipedia
http://greenpeace.org
http://cbc.ca,https://www.cbc.ca/#content,https://www.cbc.ca/sitemap,https://www.cbc.ca/search
http://nginx.com,https://www.nginx.com/#content,https://www.nginx.com/#less-info,https://www.nginx.com/privacy-policy/#analytics-opt-outs
http://spotify.com,https://www.spotify.com/nl/#start-of-content,https://www.spotify.com/nl/,https://www.spotify.com/nl/signup?forward_url=https%3A%2F%2Fwww.spotify.com%2Fnl%2Fdownload%2F
http://xbox.com,https://www.microsoft.com,https://www.xbox.com/en-GB/?xr=mebarnav,https://www.xbox.com/en-GB/xbox-game-pass?xr=shellnav
http://repubblica.it,https://quotidiano.repubblica.it/edicola/catalogogenerale.jsp,https://www.repubblica.it/premium/,https://www.repubblica.it/commenti/
http://mega.nz
http://usnews.com,https://www.usnews.com/emailprefs/login,https://www.usnews.com/emailprefs/preference-center,https://www.usnews.com/rankings
http://alibaba.com,https://passport.alibaba.com/icbu_login.htm?tracelog=hd_signin,https://accounts.alibaba.com/register/register.htm?tracelog=hd_joinfree,https://message.alibaba.com?tracelog=2020NewHeader_homepage_Message
http://enable-javascript.com,https://enable-javascript.com/#nogo,https://enable-javascript.com/hr/,https://enable-javascript.com/de/
http://picasa.google.com,http://photos.google.com,https://get.google.com/albumarchive/,https://photos.google.com/apps
http://icann.org
http://lemonde.fr,https://journal.lemonde.fr,https://secure.lemonde.fr/sfuser/connexion,https://abo.lemonde.fr/#xtor=CS1-454[CTA_LMFR]-[HEADER]-5-[Home]
http://themeforest.net,https://forums.envato.com,https://author.envato.com,https://elements.envato.com/?utm_source=Market&utm_medium=promos&utm_campaign=elements_mkt-headernav_our_products&utm_content=headernav
http://imageshack.com,https://imageshack.com/upgrade,https://imageshack.com/about,https://imageshack.com/applications
http://sedo.com
http://ziddu.com
http://sciencedaily.com,https://www.facebook.com/sciencedaily,https://twitter.com/sciencedaily,https://www.linkedin.com/company/sciencedaily
http://netflix.com,https://www.netflix.com/nl-en/,https://help.netflix.com/en/legal/privacy#cookies,https://www.netflix.com/login
http://sputniknews.com,https://sputniknews.com/docs/about/privacy_policy.html#without-identification,https://sputniknews.com/docs/about/cookie.html,https://sputniknews.com/docs/about/privacy_policy.html#right-to-withdraw-consent
http://imageshack.us,https://imageshack.com/,https://imageshack.com/upgrade,https://imageshack.com/about
http://theatlantic.com
http://php.net,https://www.php.net/downloads,https://www.php.net/docs.php,https://www.php.net/get-involved
http://disqus.com
http://loc.gov,https://loc.gov/#skip-to-content,https://loc.gov/about/pandemic-information/for-researchers/,https://loc.gov/about/pandemic-information/for-public/
http://news.com.au,https://www.news.com.au/#content,https://www.news.com.au/#nav,https://www.news.com.au/#footer
http://goodreads.com,https://www.facebook.com/v3.1/dialog/oauth?client_id=2415071772&redirect_uri=https%3A%2F%2Fwww.goodreads.com%2Fuser%2Fnew&scope=email%2Cuser_friends&state=fb_oauth_state_7ccd5878-409a-4247-a850-3f80801429b3,https://www.goodreads.com/amazon/login/redirect_to_amazon_login_url,https://www.goodreads.com/user/sign_up?email_signup=true
http://photobucket.com
http://lycos.com,http://www.mail.lycos.com,http://weather.lycos.com,http://www.tripod.lycos.com
http://qq.com,https://qzone.qq.com,https://mail.qq.com,https://mail.qq.com/cgi-bin/loginpage
http://ikea.com,https://www.ikea.com/global/en/#to-local-site,https://ikea.today/,https://about.ikea.com/
http://ea.com,https://www.ea.com/en-gb/ea-play,https://www.ea.com/en-gb/games/fifa/fifa-21,https://www.ea.com/games/madden-nfl/madden-nfl-21
http://trustpilot.com,https://business.trustpilot.com?utm_medium=consumer&utm_source=for_companies&utm_campaign=consumer_cta,https://www.trustpilot.com/categories,https://www.trustpilot.com/blog
http://biglobe.ne.jp,http://keitai.biglobe.ne.jp/,http://service.biglobe.ne.jp/?genre=top,https://login.sso.biglobe.ne.jp/scpf_op/auth.php
http://cambridge.org,https://www.cambridge.org/#main-content,https://www.cambridge.org/about-us/legal-notices/cookies-policy,https://www.cambridge.org/#globalnav
http://mirror.co.uk,https://www.mirror.co.uk/all-about/coronavirus-1,https://www.mirror.co.uk/sport/football/,https://www.mirror.co.uk/news/
http://abc.net.au,https://www.abc.net.au/#content,https://search.abc.net.au,https://www.abc.net.au/news/
http://ign.com,https://nl.ign.com/,https://www.ign.com/?setccpref=US,https://www.ign.com/?setccpref=UK
http://walmart.com,https://help.walmart.com/app/answers/detail/a_id/8,https://corporate.walmart.com/privacy-security,https://www.walmart.com/account/api/ccpa-intake?native=false&type=sod
http://ipv4.google.com
http://hollywoodreporter.com,https://www.hollywoodreporter.com/#pagetop,https://tipline.hollywoodreporter.com/,https://pages.email.hollywoodreporter.com/signup/
http://bandcamp.com,https://bandcamp.com/fair_trade_music_policy,https://bandcamp.com/tag/electronic?from=autocomplete,https://bandcamp.com/tag/metal?from=autocomplete
http://m.wikipedia.org,https://en.wikipedia.org/,https://ja.wikipedia.org/,https://es.wikipedia.org/
http://depositfiles.com,https://dfiles.eu/faq.html#cookie,https://dfiles.eu,https://dfiles.eu/login.php?return=%2F
http://nikkei.com,https://www.nikkei.com/paper,https://r.nikkei.com/stories,https://r.nikkei.com/mynews
http://wp.com,https://wordpress.com/,https://wordpress.com/pricing/,https://wordpress.com/wp-login.php?redirect_to=https%3A%2F%2Fwordpress.com%2F
http://stackoverflow.com,https://stackoverflow.com/company,https://stackoverflow.com/teams,https://stackoverflow.com/questions
http://amazon.es,https://www.amazon.es/cookieprefs?ref_=portal_banner_cpp,https://www.amazon.es/ref=nav_logo,https://www.amazon.es/gp/customer-preferences/select-language/ref=topnav_lang?preferencesReturnUrl=%2F
http://bund.de,https://www.service.bund.de/Content/DE/Home/homepage_node.html,https://www.service.bund.de/#nav-global,https://www.service.bund.de/#filter
http://ietf.org,https://www.ietf.org/#content,https://www.ietf.org/about/,https://www.ietf.org/about/mission/
http://hp.com,https://www8.hp.com/nl/nl/home.html,https://www8.hp.com/nl/nl/home.html#skiptobody,https://www8.hp.com/nl/nl/home.html#skiptofooter
http://metro.co.uk,https://metro.co.uk/news/,https://metro.co.uk/sport/,https://metro.co.uk/tag/coronavirus/
http://techcrunch.com,https://techcrunch.com/2021/05/18/roofr-just-nailed-down-a-second-seed-round-to-make-new-roofing-sales-a-cinch-to-close/,https://techcrunch.com/author/connie-loizos/,https://techcrunch.com/2021/05/18/daily-crunch-5/
http://buzzfeed.com,https://www.buzzfeed.com/#buzz-content,https://www.buzzfeed.com/quizzes,https://www.buzzfeed.com/tvandmovies
http://britannica.com,https://www.britannica.com/quiz/browse,https://www.britannica.com/games,https://www.britannica.com/on-this-day
http://cornell.edu,https://www.cornell.edu/#main,https://www.cornell.edu/about,https://www.cornell.edu/about/
http://gofundme.com,https://www.gofundme.com/privacy,https://www.gofundme.com/discover,https://www.gofundme.com/c/success
http://ft.com,https://www.ft.com/accessibility,https://www.ft.com#site-navigation,https://www.ft.com#site-content
http://alexa.com,https://www.alexa.com/#content,https://try.alexa.com/offer/guided-tour/,https://try.alexa.com/resources/
http://npr.org,https://text.npr.org/s.php?sId=609791368,https://text.npr.org/s.php?sId=609131973#your-choices,https://text.npr.org/s.php?sId=179876898
http://kickstarter.com,https://www.kickstarter.com/?ref=nav,https://plus.google.com/118239121095465976293
http://abc.es,https://www.abc.es/espana/abci-ceuta-ultima-hora-crisis-marruecos-directo-202105181029_directo.html#vca=mod-esnoticia-p1&vmc=ceuta-crisis-marruecos&vso=abc-es&vli=portada.portada,https://www.abc.es/sociedad/abci-que-pasa-si-no-quiero-vacuna-astrazeneca-nsv-202105171651_noticia.html#vca=mod-esnoticia-p2&vmc=vacuna-astrazeneca&vso=abc-es&vli=portada.portada,https://www.abc.es/play/television/eurovision/abci-quien-ganara-eurovision-2021-casas-apuestas-nsv-202105171246_noticia.html#vca=mod-esnoticia-p3&vmc=eurovision-2021&vso=abc-es&vli=portada.portada
http://google.nl
http://columbia.edu,https://www.columbia.edu#main-content,https://www.columbia.edu/content/,https://www.columbia.edu/content/admissions
http://shutterstock.com
http://unesco.org,https://en.unesco.org/#main-content,https://en.unesco.org/,https://fr.unesco.org/
http://my.yahoo.com,https://www.yahoo.com/,https://mail.yahoo.com/,https://news.yahoo.com/
http://instagram.com
http://urbandictionary.com,https://www.urbandictionary.com/popular.php?character=A,https://www.urbandictionary.com/popular.php?character=B,https://www.urbandictionary.com/popular.php?character=C
http://bloglovin.com,https://www.bloglovin.com/login,https://www.bloglovin.com/tos,http://help.bloglovin.com
http://researchgate.net
http://umich.edu,https://umich.edu/#content,https://sexualmisconduct.umich.edu/reporting-process/,https://ro.umich.edu/calendars
http://chicagotribune.com,https://www.chicagotribune.com/#skip-to-content,https://www.chicagotribune.com/#nt=mastheadnavbar,https://www.chicagotribune.com/consumer-reviews/#nt=tertiarynavbar
http://google.com.tw
http://list-manage.com
http://ted.com,https://enable-javascript.com/,https://www.ted.com/talks,https://www.ted.com/recommends?exploreCTASource=main-nav.item
http://playstation.com,https://www.playstation.com/nl-nl/games/destiny-2/,https://www.playstation.com/nl-nl/editorial/this-month-on-playstation/best-roguelike-and-roguelite-games-on-ps4-and-ps5/,https://www.playstation.com/games/days-gone/#PC
http://psychologytoday.com,https://www.psychologytoday.com/intl,https://www.psychologytoday.com/intl/search,https://member.psychologytoday.com/us/login
http://privacyshield.gov,https://www.privacyshield.gov/welcome#content,http://www.privacyshield.gov/PrivacyShield/ApplyNow,http://www.privacyshield.gov/list
http://ovh.com
http://yandex.ru
http://addtoany.com
http://code.google.com,https://opensource.google.com/,https://developers.google.com,https://code.google.com/archive/
http://groups.google.com,https://groups.google.com/forum/m/
http://quora.com
http://gizmodo.com,https://avclub.com,https://deadspin.com,https://jalopnik.com
http://instructables.com,https://www.instructables.com/circuits/,https://www.instructables.com/workshop/,https://www.instructables.com/craft/
http://nypost.com,https://nypost.com/#content-wrapper,https://nypost.com/news/,https://nypost.com/metro/
http://discord.com
http://weibo.com,http://kefu.weibo.com/?cs_source=2,https://beian.miit.gov.cn,https://www.12377.cn/
http://rottentomatoes.com,https://www.rottentomatoes.com/#main-page-content,https://www.rottentomatoes.com/#masthead-dropdown-menus,https://www.rottentomatoes.com/about#whatisthetomatometer
http://huawei.com,https://www.huawei.com/en/privacy-policy,https://www.huawei.com/en/?ic_medium=direct&ic_source=surlent,https://uniportal.huawei.com/uniportal/?redirect=http%3a%2f%2fwww.huawei.com%2fen%2f%3fformat%3dxml
http://mozilla.com
http://dw.com,https://www.dw.com/a-18265246,https://www.dw.com/en/top-stories/s-9097,https://www.dw.com/en/top-stories/s-9097#bodyContent
http://noaa.gov,https://www.noaa.gov/#main,https://www.noaa.gov/weather,https://www.noaa.gov/climate
http://netvibes.com,https://www.netvibes.com/en#main-content,https://www.netvibes.com/en,https://www.netvibes.com/en/basic
http://google.co.in
http://economist.com
http://sapo.pt,https://www.sapo.pt/noticias/covid19,https://www.sapo.pt/noticias/atualidade,https://www.sapo.pt/noticias/desporto
http://newsweek.com,https://www.newsweek.com/us,https://www.newsweek.com/world,https://www.newsweek.com/business
http://ibm.com,https://www.ibm.com/nl/en,https://www.ibm.com/sitemap/nl/en,https://developer.ibm.com/callforcode/?lnk=nlhpv18l1
http://hm.com,https://www.hm.com/entrance.ahtml?orguri=%2F,https://www.hm.com/setlocation?location=eg&lang=en&name=Egypt&orguri=%2F,https://www.hm.com/setlocation?location=eg&lang=ar&name=Egypt&orguri=%2F
http://addthis.com,https://www.addthis.com/get,https://www.addthis.com/academy,https://www.addthis.com/blog
http://ovh.co.uk
http://nginx.org,https://www.nginx.com/blog/how-to-choose-a-service-mesh/?utm_medium=nginxorg&utm_source=homepagehero&utm_campaign=ww-nx_pgkub,http://nginx.org/ru/,http://nginx.org/2020.html
http://guardian.co.uk,https://www.theguardian.com/international#maincontent,https://www.theguardian.com/international,"https://support.theguardian.com/contribute?INTCMP=header_support_contribute&acquisitionData=%7B%22source%22:%22GUARDIAN_WEB%22,%22componentType%22:%22ACQUISITIONS_HEADER%22,%22componentId%22:%22header_support_contribute%22%7D"
http://ria.ru,https://ru.wikipedia.org/wiki/%D0%A0%D0%98%D0%90_%D0%9D%D0%BE%D0%B2%D0%BE%D1%81%D1%82%D0%B8,https://twitter.com/rianru,https://vk.com/ria
http://princeton.edu,https://www.princeton.edu/#main-content,https://www.princeton.edu/meet-princeton,https://www.princeton.edu/meet-princeton/service-humanity
http://gnu.org,http://www.gnu.org/#content,http://www.fsf.org/fss,https://www.fsf.org/associate/support_freedom?referrer=4052
http://cbsnews.com,https://www.cbsnews.com/cbsvillage/,https://www.cbsnews.com/app/?ftag=CNM-00-10abb3f,https://www.cbsnews.com/live/?ftag=CNM-00-10abb3f
http://www.wix.com
http://asus.com,https://www.asus.com/microsite/motherboard/Intel-Rocket-Lake-Z590-H570-B560-series/nl/,https://www.asus.com/nl/laptops/for-home/all-series/ZenBook-14-UX434,https://estore.asus.com/nl/zenbook-14-ux434fac-14596-nl-cnf.html
http://yelp.com,https://www.yelp.nl/rotterdam#header_find_form,https://www.yelp.nl/rotterdam#header-nav,https://www.yelp.nl/rotterdam#page-content
http://amazon.fr,https://www.amazon.fr/cookieprefs?ref_=portal_banner_cpp,https://www.amazon.fr/ref=nav_logo,https://www.amazon.fr/ap/signin?openid.pape.max_auth_age=0&openid.return_to=https%3A%2F%2Fwww.amazon.fr%2F%3F_encoding%3DUTF8%26ref_%3Dnav_ya_signin&openid.identity=http%3A%2F%2Fspecs.openid.net%2Fauth%2F2.0%2Fidentifier_select&openid.assoc_handle=frflex&openid.mode=checkid_setup&openid.claimed_id=http%3A%2F%2Fspecs.openid.net%2Fauth%2F2.0%2Fidentifier_select&openid.ns=http%3A%2F%2Fspecs.openid.net%2Fauth%2F2.0&
http://20minutos.es,https://www.20minutos.es/noticia/4700177/0/marcha-verde-frente-polisario-sahara-espanol-1975/,https://www.20minutos.es/cinemania/series/10-series-de-adolescentes-imprescindibles-para-ver-en-netflix-4699984/,https://www.20minutos.es/noticia/4700389/0/receta-helado-casero-cremoso-dos-ingredientes/
http://search.yahoo.com,https://r.search.yahoo.com/_ylt=AwrJ7JpIQ6RgD_AAjSRDDWVH/RV=2/RE=1621406664/RO=10/RU=https%3a%2f%2fwww.yahoo.com%2f/RK=2/RS=QaNlmVLi9RLN03iFTECyIkN5uBg-,https://search.yahoo.com/search;_ylt=AwrJ7JpIQ6RgD_AAjiRDDWVH;_ylu=Y29sbwNiZjEEcG9zAzEEdnRpZAMEc2VjA3Nj?ei=UTF-8&p=Weather+The+Hague&fr=sfp,https://search.yahoo.com/search;_ylt=AwrJ7JpIQ6RgD_AAjyRDDWVH;_ylu=Y29sbwNiZjEEcG9zAzEEdnRpZAMEc2VjA3Nj?ei=UTF-8&p=Weather+The+Hague&fr=sfp
http://discord.gg
http://ja.wikipedia.org,https://ja.wikipedia.org/wiki/%E3%83%A1%E3%82%A4%E3%83%B3%E3%83%9A%E3%83%BC%E3%82%B8#mw-head,https://ja.wikipedia.org/wiki/%E3%83%A1%E3%82%A4%E3%83%B3%E3%83%9A%E3%83%BC%E3%82%B8#searchInput,https://ja.wikipedia.org/wiki/Wikipedia:%E3%82%A6%E3%82%A3%E3%82%AD%E3%83%9A%E3%83%87%E3%82%A3%E3%82%A2%E3%81%AB%E3%81%A4%E3%81%84%E3%81%A6
http://espn.com,https://www.espn.com/nfl/,https://www.espn.com/nba/,https://www.espn.com/mlb/
http://doubleclick.net
http://naver.com,https://www.naver.com/#newsstand,https://www.naver.com/#themecast,https://www.naver.com/#timesquare
http://google.co.id
http://shopify.com
http://express.co.uk,https://www.express.co.uk/news/weather,https://www.facebook.com/DailyExpress,https://twitter.com/daily_express
http://digg.com
http://bitly.com,https://bitly.com/#content,https://bitly.com/pages,https://bitly.com/pages/why-bitly
http://mit.edu,https://web.mit.edu/#main,https://web.mit.edu/,https://web.mit.edu/education
http://t.co,https://twitter.com,http://twitter.com,https://help.twitter.com/using-twitter/url-shortener
http://pbs.org,https://www.pbs.org/#maincontent,https://www.pbs.org/search/,https://www.pbs.org/my-list-shows/
http://oracle.com,https://www.oracle.com/corporate/accessibility/,https://www.oracle.com/index.html#maincontent,https://www.oracle.com/universal-menu/
http://tripadvisor.com,https://www.tripadvisor.com/Inbox,https://www.tripadvisor.com/Trips,https://www.tripadvisor.com/RegistrationController?flow=sign_up_and_save&returnTo=%2F&fullscreen=true&flowOrigin=login&hideNavigation=true&isLithium=true
http://sciencedirect.com
http://soundcloud.com,http://www.enable-javascript.com/,https://help.soundcloud.com/hc/articles/115003564308-Technical-requirements,http://google.com/chrome
http://sciencemag.org,https://www.sciencemag.org/#main-content,https://www.aaas.org,https://science.sciencemag.org
http://engadget.com,https://www.engadget.com/reviews/,https://www.engadget.com/gear/,https://www.engadget.com/gaming/
http://blackberry.com,https://www.blackberry.com/us/en,https://www.blackberry.com/content/blackberry-com/us/en/products/unified-endpoint-security,https://www.blackberry.com/us/en/products/unified-endpoint-security/blackberry-protect
http://bing.com
http://smh.com.au,https://www.smh.com.au/#sections,https://www.smh.com.au/#content,https://www.smh.com.au/#footer
http://nbcnews.com,https://www.nbcnews.com/?icid=nav_bar_logo,https://www.nbcnews.com/specials/plan-your-vaccine,https://www.nbcnews.com/health/coronavirus
http://mashable.com,https://nl.mashable.com/#content,https://nl.mashable.com,https://www.mashable.com/?geo=US
http://gmail.com,https://www.google.com/intl/nl/gmail/about/#jump-content,https://workspace.google.com/products/gmail/?utm_source=gmailforwork&utm_medium=et&utm_campaign=global-xsell-website-ft-gmail_for_work_googleworkspacelink&utm_content=forwork,https://accounts.google.com/AccountChooser?service=mail&continue=https://mail.google.com/mail/
http://thetimes.co.uk,https://home.thetimes.co.uk/myBilling,https://www.thetimes.co.uk#main-container,https://www.thetimes.co.uk/#section-news
http://www.wikipedia.org,https://en.wikipedia.org/,https://ja.wikipedia.org/,https://es.wikipedia.org/
http://berkeley.edu,https://coronavirus.berkeley.edu/,https://www.cdc.gov/coronavirus/2019-ncov/,https://www.berkeley.edu/#content
http://sfgate.com,https://www.sfgate.com/#content,https://link.sfgate.com/join/signup-sfgate,https://www.sfgate.com/aboutsfgate/
http://adssettings.google.com,https://accounts.google.com/ServiceLogin?hl=en-US&continue=https://adssettings.google.com/&gae=cb-,https://policies.google.com/technologies/cookies?hl=en-US&utm_source=ucb,https://consent.google.com/d?continue=https://adssettings.google.com/&gl=NL&hl=en-US&pc=ads&src=1
http://washington.edu,http://www.washington.edu/#main_content,http://uw.edu,http://uw.edu/studentlife
http://afternic.com,http://browsehappy.com/,https://www.afternic.com/afternic-domain-marketplace,https://www.afternic.com/premium-partner-levels
http://nationalgeographic.com,https://www.nationalgeographic.com/search,https://www.nationalgeographic.com/renew,https://www.nationalgeographic.com/subscribe
http://whitehouse.gov,https://www.whitehouse.gov/#content,https://www.whitehouse.gov/administration/,https://www.whitehouse.gov/priorities/
http://spiegel.de,https://www.spiegel.de/#Inhalt,https://abo.spiegel.de/?b=SPOHNAVABO&requestAccessToken=true&sara_icid=disp_upd_9h6L5hu8K1AAnttzYATx3hvk7taDkP&targetUrl=https%3A%2F%2Fwww.spiegel.de%2Ffuermich%2F,https://gruppenkonto.spiegel.de/authenticate?requestAccessToken=true&targetUrl=https%3A%2F%2Fwww.spiegel.de%2Ffuermich%2F
http://box.com,https://www.box.com/products-and-features/shuttle,https://www.box.com/home,https://www.box.com/overview
http://finance.yahoo.com,https://www.yahoo.com/,https://mail.yahoo.com/,https://news.yahoo.com/
http://e-monsite.com
http://elmundo.es,https://www.elmundo.es/espana/2021/05/18/60a3784521efa0883b8b463f.html,https://www.elmundo.es/ciencia-y-salud/salud/2021/05/18/60a3485b21efa0ba238b45f3.html,https://www.elmundo.es/cultura/musica/2021/05/18/60a36145fc6c83ce288b4572.html
http://rt.com,https://arabic.rt.com/,https://actualidad.rt.com/,https://russian.rt.com/
http://detik.com,https://www.detik.com/?tagfrom=framebar,https://www.detik.com/terpopuler?tag_from=framebar,https://news.detik.com/kolom/kirim?tag_from=framebar
http://mysql.com,https://www.mysql.com/about/contact/,https://www.mysql.com/auth/login/?dest=https%3A%2F%2Fwww.mysql.com%2F,https://www.mysql.com/auth/register/
http://nature.com,https://www.nature.com/#content,https://pubads.g.doubleclick.net/gampad/jump?iu=/285/nature.com/homepage&sz=728x90&pos=top;type=homepage;path=/nature,https://www.nature.com/siteindex
http://cnbc.com,https://www.cnbc.com/world/?region=world#MainContent,https://www.cnbc.com/world/,https://www.cnbc.com/markets/
http://godaddy.com,https://nl.godaddy.com/#promo-banner-modal,https://nl.godaddy.com/#close,https://nl.godaddy.com
http://sendspace.com
http://theverge.com
http://about.com,https://www.dotdash.com/#dash_nav,https://www.dotdash.com/dash-home,https://www.dotdash.com/our-brands/
http://ru.wikipedia.org,https://ru.wikipedia.org/wiki/%D0%92%D0%B8%D0%BA%D0%B8%D0%BF%D0%B5%D0%B4%D0%B8%D1%8F:%D0%9F%D0%B0%D1%82%D1%80%D1%83%D0%BB%D0%B8%D1%80%D0%BE%D0%B2%D0%B0%D0%BD%D0%B8%D0%B5,https://ru.wikipedia.org/w/index.php?title=%D0%A1%D0%BB%D1%83%D0%B6%D0%B5%D0%B1%D0%BD%D0%B0%D1%8F:%D0%96%D1%83%D1%80%D0%BD%D0%B0%D0%BB%D1%8B&type=review&page=%D0%97%D0%B0%D0%B3%D0%BB%D0%B0%D0%B2%D0%BD%D0%B0%D1%8F_%D1%81%D1%82%D1%80%D0%B0%D0%BD%D0%B8%D1%86%D0%B0,https://ru.wikipedia.org/wiki/%D0%97%D0%B0%D0%B3%D0%BB%D0%B0%D0%B2%D0%BD%D0%B0%D1%8F_%D1%81%D1%82%D1%80%D0%B0%D0%BD%D0%B8%D1%86%D0%B0#mw-head
http://www.over-blog.com,https://en.over-blog.com,https://de.over-blog.com,https://es.over-blog.com
http://variety.com,https://variety.com/tips,https://pages.email.variety.com/signup/,https://variety.com/c/asia/
http://zendesk.com
http://yadi.sk,https://yandex.com,https://disk.yandex.com,https://passport.yandex.com/auth?from=cloud&origin=disk_landing2_signin_ru&retpath=https%3A%2F%2Fdisk.yandex.com%3Fsource%3Dlanding2_signin_ru&backpath=https%3A%2F%2Fdisk.yandex.com%3F
http://googleblog.com,https://www.blog.google#jump-content,https://www.blog.google/,https://twitter.com/intent/tweet?text=The%20Keyword%20%40google&url=https://blog.google/
http://google.ca
http://deezer.com,https://www.deezer.com/en/,https://www.deezer.com/en/download/?direct_dl&utm_source=device&utm_campaign=mkg-desktop_app&utm_medium=player-obj_download&utm_content=feature-desktop_app,https://www.deezer.com/en/offers
http://www.livejournal.com,https://www.livejournal.com/2020/,https://www.livejournal.com/browse/,https://www.livejournal.com/syn
http://sina.com.cn,https://sina.cn/,http://m.weibo.com/web/cellphone.php#iphone,https://so.sina.cn/palmnews/web-sinanews-app-download.d.html
http://corriere.it,https://www.corriere.it/firme/,https://www.corriere.it/lettere-al-direttore/,https://www.corriere.it/caffe-gramellini/
http://airbnb.com,https://www.airbnb.com/#site-content,https://www.airbnb.com/covid-traveler,https://www.airbnb.com/s/experiences/online
http://cia.gov,https://www.cia.gov/index.html#main-content,https://www.cia.gov/careers,https://www.cia.gov/careers/
http://orange.fr,https://r.orange.fr/r/Oid_identification?return_url=https%3A%2F%2Fwww.orange.fr%2Fportail,https://boutique.orange.fr/internet-mobile/pack-open-fibre/open-70go,https://m.boutique.orange.fr/internet/offres-fibre
http://answers.yahoo.com,https://help.yahoo.com/kb/enable-javascript-sln3020.html,https://help.yahoo.com,https://login.yahoo.com/?.lang=en-US&src=help
http://statista.com,https://www.statista.com/accounts/,https://www.statista.com/register/corporate?source=allPages,https://www.statista.com/#main-content
http://rediff.com,https://mail.rediff.com/cgi-bin/login.cgi,https://money.rediff.com,https://businessemail.rediff.com?sc_cid=ushome
http://oreilly.com,https://www.oreilly.com/#maincontent,https://learning.oreilly.com/accounts/login-check/,https://www.oreilly.com/online-learning/try-now.html
http://politico.com,https://www.politico.com/magazine,https://www.politico.com/agenda,https://www.politicopro.com/
http://calendar.google.com,https://accounts.google.com/signin/usernamerecovery?continue=https%3A%2F%2Fcalendar.google.com%2Fcalendar%2Frender&service=cl&scc=1&osid=1&hl=nl,https://accounts.google.com/AccountChooser?continue=https%3A%2F%2Fcalendar.google.com%2Fcalendar%2Frender&followup=https%3A%2F%2Fcalendar.google.com%2Fcalendar%2Frender&service=cl&scc=1&osid=1&rip=1,https://accounts.google.com/SignUp?service=cl&continue=https%3A%2F%2Fcalendar.google.com%2Fcalendar%2Frender
http://dot.tk,http://www.dot.tk/en/index.html,http://www.dot.tk/ru/index.html,http://www.dot.tk/zh/index.html
http://answers.com
http://thefreedictionary.com,https://www.thefreedictionary.com/_/hp/Controls/printer-friendly.aspx?56,https://www.thefreedictionary.com/_/help/help1.htm,http://up.thefreedictionary.com/trc.ashx?sender=farlex&info=download
http://tabelog.com,https://s.tabelog.com/?format=html,https://itunes.apple.com/jp/app/id763377066?mt=8,https://play.google.com/store/apps/details?id=com.kakaku.tabelog
http://nvidia.com,https://www.nvidia.com/nl-nl/,https://www.nvidia.com/nl-nl/geforce/graphics-cards/30-series/,https://www.nvidia.com/nl-nl/geforce/gaming-laptops/
http://techradar.com,https://global.techradar.com/nl-nl#main,https://global.techradar.com/nl-nl,https://global.techradar.com/nl-nl/how-to/techradar-rss-benelux
http://merriam-webster.com
http://cointernet.com.co,https://www.cointernet.com.co/preguntas-frecuentes/,http://control.cointernet.com.co/servlet/LoginServlet?role=customer,https://www.cointernet.com.co/el-equipo/
http://zdnet.com,http://www.zdnet.fr/,http://www.zdnet.de/,http://www.zdnet.co.kr/
http://utexas.edu,https://www.utexas.edu/#ut-page-content,https://protect.utexas.edu/campus-operations/#campus-open-status,https://coronavirus.utexas.edu/campus-announcements
http://xing.com,https://faq.xing.com/en/settings/enable-javascript-my-browser,https://login.xing.com/recovery,https://www.xing.com/start/signup?registration=1
http://thedailybeast.com,https://www.thedailybeast.com/tips,https://www.thedailybeast.com/membership?tdb_source=membership&tdb_medium=above_logo,https://www.thedailybeast.com/crossword-puzzles?tdb_source=crosswords&tdb_medium=above_logo
http://fortune.com,https://fortune.com/#content,https://fortune.com/rankings/,https://fortune.com/fortune500/
http://investopedia.com,https://www.investopedia.com/financial-term-dictionary-4769738,https://www.investopedia.com/economy-4689801,https://www.investopedia.com/corporate-finance-and-accounting-4689821
http://imgur.com
http://wiktionary.org,https://en.wiktionary.org/,https://ru.wiktionary.org/,https://el.wiktionary.org/
http://wn.com,https://wn.com/#news-tab,https://wn.com/#search-tab,https://wn.com/#local
http://pcmag.com
http://dribbble.com,https://dribbble.com/shots/15678043--K,https://dribbble.com/signup/new,https://dribbble.com/acreno
http://arstechnica.com,https://arstechnica.com:443/#main,https://arstechnica.com:443/information-technology/,https://arstechnica.com:443/gadgets/
http://e-recht24.de,https://www.e-recht24.de/impressum-generator.html,https://www.e-recht24.de/muster-datenschutzerklaerung.html,https://www.e-recht24.de/homeoffice-generator.html
http://cmu.edu,https://www.cmu.edu/coronavirus/index.html,https://www.cmu.edu/#nav,https://www.cmu.edu/#menu
http://pastebin.com,https://pastebin.com/doc_api,https://pastebin.com/tools,https://pastebin.com/faq
http://target.com,https://www.target.com#content,https://www.target.com#footer,https://www.target.com/c/shop-all-categories/-/N-5xsxf
http://ca.gov,https://www.ca.gov/#main-content,https://COVID19.CA.gov,https://www.facebook.com/sharer/sharer.php?u=https%3A%2F%2Fwww.ca.gov%2F&display=popup
http://groups.yahoo.com,https://www.yahoo.com/,https://mail.yahoo.com/,https://news.yahoo.com/
http://so-net.ne.jp,https://www.sony.co.jp/,https://support.so-net.ne.jp/supportsitedetailpage?id=000012172,http://www.so-net.ne.jp/common/IPv6/index.html
http://dreniq.com
http://iubenda.com,https://www.iubenda.com/en/,https://www.iubenda.com/it/,https://www.iubenda.com/de/
http://debian.org,https://www.debian.org/#content,https://bits.debian.org/,https://micronews.debian.org
http://rollingstone.com,https://www.rollingstone.com/tips,https://api.pmc.com/authorization/login?returnTo=https%3A%2F%2Fwww.rollingstone.com%2F&brand=rs&source=website,https://subscribe.rollingstone.com
http://oecd.org,https://data.oecd.org,https://www.oecd-ilibrary.org/,http://www.oecdbetterlifeindex.org/
http://inc.com,https://www.inc.com/myaccount,https://www.inc.com/cameron-albert-deitch/florida-social-media-platforms-law-business-explainer.html,https://www.inc.com/innovate
http://teamviewer.com
http://vkontakte.ru,https://vk.com/,https://vk.com/away.php?to=https%3A%2F%2Fwww.google.com%2Fchrome&badbrowser=chrome,https://vk.com/away.php?to=https%3A%2F%2Fwww.mozilla.org&badbrowser=firefox
http://udemy.com,https://www.udemy.com/courses/development/,https://www.udemy.com/courses/development/web-development/,https://www.udemy.com/courses/development/data-science/
http://channel4.com
http://doi.org,https://www.doi.org/hb.html,https://www.doi.org/factsheets.html,https://www.doi.org/faq.html
http://thenextweb.com
http://ndtv.com,https://www.ndtv.com/?pfrom=home-ndtv_header-globalnav,https://ndtv.in/?pfrom=home-ndtv_header-globalnav,https://www.ndtv.com/business?pfrom=home-ndtv_header-globalnav
http://entrepreneur.com,https://www.entrepreneur.com/latest,https://www.entrepreneur.com/video,https://www.entrepreneur.com/franchises/featured-opportunities
http://archives.gov,https://www.archives.gov/#page-header,https://www.archives.gov/#main-col,https://www.archives.gov/social-media/blogs.html
http://behance.net
http://vice.com,https://www.vice.com/nl,https://video.vice.com/nl/,https://www.vice.com/nl/page/podcasts-vice-nederland
http://skype.com,https://www.microsoft.com,https://www.skype.com/en/get-skype/,https://www.skype.com/en/international-calls/
http://ox.ac.uk,https://www.ox.ac.uk/#main-content,https://www.ox.ac.uk/about/divisions-and-departments,http://www.humanities.ox.ac.uk/
http://vox.com
http://cbslocal.com,https://boston.cbslocal.com/live/cbsn-boston/,https://chicago.cbslocal.com/live/cbsn-chicago/,https://dfw.cbslocal.com/live/cbsn-dfw/
http://intel.com,https://www.intel.com/content/www/us/en/homepage.html#primary-content,https://www.intel.com/content/www/us/en/homepage.html,https://www.intel.com/content/www/us/en/legal/terms-of-use.html
http://netlify.app
http://marketwatch.com,https://www.marketwatch.com/latest-news,https://www.marketwatch.com/economy-politics/coronavirus,https://www.marketwatch.com/watchlist
http://businesswire.com,https://services.businesswire.com/press-release-distribution,https://services.businesswire.com/press-release-disclosure,https://services.businesswire.com/multimedia-distribution
http://asahi.com,https://www.asahi.com/#MainInner,http://www.asahi.com/policy/index.html,http://www.asahi.com/shimen/20210519/index_tokyo_list.html#kijilist
http://ucoz.ru,https://www.ucoz.ru/#choice-anchor,https://www.ucoz.ru/tour,https://blog.ucoz.ru
http://house.gov,https://www.house.gov/#main-content,https://www.house.gov/representatives,https://www.house.gov/leadership
http://dell.com,https://www.dell.com/nl-nl?~ck=mn,https://www.dell.com/Identity/global/LoginOrRegister/5e3fb565-f5f7-419c-bf3f-18d6872d45b0?c=nl&l=nl&r=emea&s=corp&~ck=mn&redirectUrl=,https://www.dell.com/Identity/global/Login/75814991-4252-4cc4-a977-670cc21309a7?~ck=mn
http://weforum.org,https://www.weforum.org:443/agenda/archive,https://www.weforum.org:443/platforms,https://www.weforum.org:443/reports
http://excite.co.jp,https://www.excite.co.jp/?m=cp&a=blk,https://www.excite.co.jp/?m=cp&a=gry,https://www.excite.co.jp/?m=cp&a=wht
http://hbr.org,https://hbr.org/subscriptions?ab=topbar-subtout,https://hbr.org/shopping-cart,https://hbr.org/insight-center/race-equity-and-power-at-work
http://stuff.co.nz,https://www.stuff.co.nz/national/politics/300310699/hear-me-out-the-national-party-is-in-better-shape-than-you-think,https://www.stuff.co.nz/national/health/125170305/nonurgent-brain-surgery-cancelled-due-to-christchurch-hospital-bed-shortage,https://www.stuff.co.nz/national/125165406/new-deal-gives-iwi-greater-stake-in-shelly-bay-development
http://sakura.ne.jp,https://www.sakura.ad.jp/information/announcements/2020/02/28/1968202941/,https://www.sakura.ad.jp/,https://www.sakura.ad.jp/corporate/
http://interia.pl,https://www.interia.pl/#iwa_source=calendar_logo,https://poczta.interia.pl/#iwa_source=sg_ikona,https://czateria.interia.pl/#iwa_source=sg_ikona
http://standard.co.uk
http://reverbnation.com,https://www.reverbnation.com/signup?signup=artist,https://www.reverbnation.com/signup?signup=fan,https://www.reverbnation.com/band-promotion
http://outlook.com,https://go.microsoft.com/fwlink/?linkid=2087918,https://go.microsoft.com/fwlink/?linkid=2087917,https://outlook.live.com/owa/?nlp=1
http://gutenberg.org,https://gutenberg.org/about/,https://gutenberg.org/policy/collection_development.html,https://gutenberg.org/about/contact_information.html
http://amazon.it,https://www.amazon.it/cookieprefs?ref_=portal_banner_cpp,https://www.amazon.it/ref=nav_logo,https://www.amazon.it/ap/signin?openid.pape.max_auth_age=0&openid.return_to=https%3A%2F%2Fwww.amazon.it%2F%3F_encoding%3DUTF8%26ref_%3Dnav_ya_signin&openid.identity=http%3A%2F%2Fspecs.openid.net%2Fauth%2F2.0%2Fidentifier_select&openid.assoc_handle=itflex&openid.mode=checkid_setup&openid.claimed_id=http%3A%2F%2Fspecs.openid.net%2Fauth%2F2.0%2Fidentifier_select&openid.ns=http%3A%2F%2Fspecs.openid.net%2Fauth%2F2.0&
http://a8.net,https://www.a8.net:443/en/,https://www.a8.net:443/about.html,https://pub.a8.net/a8v2/as/as_new_entry.html
http://amazon.in,https://www.amazon.in/ref=nav_logo,https://www.amazon.in/gp/customer-preferences/select-language/ref=topnav_lang?preferencesReturnUrl=%2F,https://www.amazon.in/ap/signin?openid.pape.max_auth_age=0&openid.return_to=https%3A%2F%2Fwww.amazon.in%2F%3F_encoding%3DUTF8%26ref_%3Dnav_ya_signin&openid.identity=http%3A%2F%2Fspecs.openid.net%2Fauth%2F2.0%2Fidentifier_select&openid.assoc_handle=inflex&openid.mode=checkid_setup&openid.claimed_id=http%3A%2F%2Fspecs.openid.net%2Fauth%2F2.0%2Fidentifier_select&openid.ns=http%3A%2F%2Fspecs.openid.net%2Fauth%2F2.0&
http://prnewswire.com,https://www.cision.com/about/accessibility/,https://www.prnewswire.com/#main,https://www.prnewswire.com/resources/
http://thehill.com,https://thehill.com/#main-content,https://thehill.com/signup,https://thehill.com/homenews/senate
http://indiegogo.com
http://billboard.com
http://thoughtco.com,https://www.thoughtco.com/sciences-math-4132465,https://www.thoughtco.com/science-4132464,https://www.thoughtco.com/math-4133545
http://amazon.ca,https://www.amazon.ca/ref=nav_logo,https://www.amazon.ca/gp/customer-preferences/select-language/ref=topnav_lang?preferencesReturnUrl=%2F,https://www.amazon.ca/ap/signin?openid.pape.max_auth_age=0&openid.return_to=https%3A%2F%2Fwww.amazon.ca%2F%3F_encoding%3DUTF8%26ref_%3Dnav_ya_signin&openid.identity=http%3A%2F%2Fspecs.openid.net%2Fauth%2F2.0%2Fidentifier_select&openid.assoc_handle=caflex&openid.mode=checkid_setup&openid.claimed_id=http%3A%2F%2Fspecs.openid.net%2Fauth%2F2.0%2Fidentifier_select&openid.ns=http%3A%2F%2Fspecs.openid.net%2Fauth%2F2.0&
http://unsplash.com
http://arxiv.org,https://simonsfoundation.org,https://arxiv.org/about/ourmembers,https://bit.ly/arXivDONATE1
http://fb.me
http://marriott.com,https://www.marriott.com/default.mi#marriott-main-content,https://clean.marriott.com/,https://clean.marriott.com/#flexiblecancellation
http://insider.com
http://newscientist.com,https://www.newscientist.com/sign-up/,"https://subscription.newscientist.com/packages/newscientist-2021-12-weeks?promCode=16521,16522&packageCodes=TAP&offerCode=12i,6M",https://www.newscientist.com/section/news/
http://tes.com,https://www.tes.com/#main-content,https://www.tes.com/international,https://www.tes.com/teaching-resources
http://fifa.com,https://www.fifa.com/%7Bstore-url%7D,https://www.fifa.com/index?nav=internal,http://www.fifa.com/worldcup/preliminaries/index.html
http://kotaku.com,https://avclub.com,https://deadspin.com,https://gizmodo.com
http://thestar.com,https://www.thestar.com/?redirect=true#body-content,https://www.thestar.com/subscribe,https://www.thestar.com/podcasts.html
http://narod.ru,https://narod.ru/konstryktory-internet-magazinov,https://narod.ru/konstryktory-lendingov,https://narod.ru/programmy-dlya-sozdaniya-sajtov
http://cisco.com,https://www.cisco.com/#fw-content,https://www.cisco.com/#fw-footer,https://www.cisco.com/c/en/us/index.html
http://iso.org,https://www.iso.org/home.html#content,https://www.iso.org/standards.html,https://www.iso.org/benefits-of-standards.html
http://slate.com,https://slate.com/#main,https://slate.com/news-and-politics/2021/05/israeli-airstrike-gaza-building-associated-press-al-jazeera.html,https://slate.com/technology/2021/05/cdc-mask-guidance-premature-public-health-when-to-still-wear-a-mask.html
http://usgs.gov,https://www.usgs.gov/#main-content,https://www.usgs.gov/science,https://www.usgs.gov/products
http://daum.net,https://www.daum.net/#mainServiceTitle,https://www.daum.net/#todayInfoTitle,https://www.daum.net/#mediaTitle
http://qz.com
http://foursquare.com,https://foursquare.com/#main,https://www.foursquare.com/city-guide,https://foursquare.com/city-guide
http://zeit.de,https://www.zeit.de/zustimmung?url=https%3A%2F%2Fwww.zeit.de%2Findex#main,https://www.zeit.de/index,https://meine.zeit.de/anmelden
http://ieee.org,https://www.ieee.org/#mn-header,https://ieeexplore.ieee.org/Xplore/home.jsp,http://standards.ieee.org
http://blog.fc2.com,https://blog.fc2.com/en,https://id.fc2.com/signup.php?ref=blog&switch_language=en,https://secure.id.fc2.com/?done=blog&switch_language=en
http://naver.jp,https://help.naver.jp/
http://livescience.com,https://www.livescience.com/#main,https://www.livescience.com/feeds/all,https://www.facebook.com/livescience?cmpid=556687
http://google.com.au
http://redhat.com,https://www.redhat.com/en#rh-main-content,https://www.redhat.com/en,https://www.redhat.com/en/search
http://kinja.com,https://avclub.com,https://deadspin.com,https://gizmodo.com
http://ubuntu.com
http://espn.go.com,https://www.espn.com/,https://www.espn.com/nfl/,https://www.espn.com/nba/
http://orkut.com.br,https://www.viagens.com.br/bloga,https://www.viagens.com.br/bloga/,https://www.viagens.com.br/bloga/signin
http://prestashop.com,https://www.prestashop.com/en,https://www.prestashop.com/en/download,https://www.prestashop.com/fr
http://calameo.com,https://en.calameo.com/,https://en.calameo.com/features,https://en.calameo.com/upgrade
http://lifehacker.com,https://avclub.com,https://deadspin.com,https://gizmodo.com
http://go.co,http://www.facebook.com/dotco,http://twitter.com/dotCO,https://www.instagram.com/dot_co/
http://parallels.com,https://www.parallels.com/products/,https://www.parallels.com/products/ras/remote-application-server/,https://www.parallels.com/products/business/
http://scoop.it,https://www.scoop.it/policy#privacypolicy,https://www.scoop.it/content-curation-for-websites-blogs/,https://www.scoop.it/share-knowledge-with-coworkers-privately/
http://digitaltrends.com,https://www.digitaltrends.com/best-products/,https://www.digitaltrends.com/computing/best-laptops/,https://www.digitaltrends.com/home-theater/best-headphones/
http://si.edu,https://www.si.edu/#main-content,http://go.si.edu/si-give,https://www.si.edu/visit
http://liveinternet.ru,https://www.liveinternet.ru/stat/,https://www.liveinternet.ru/journals.php?s=&action1=login,https://g.liveinternet.ru/login_page.html?new
http://undeveloped.com,https://dan.com/,https://dan.com/users/login,https://dan.com/users/signup
http://scientificamerican.com,https://www.scientificamerican.com/#sa_body,https://www.scientificamerican.com/store/subscribe/scientific-american-magazine/,https://www.scientificamerican.com/store/archive/?magazineFilterID=all
http://windows.net,https://dotnet.microsoft.com/,https://www.microsoft.com,https://dotnet.microsoft.com/learn/dotnet/what-is-dotnet
http://psu.edu,https://virusinfo.psu.edu/?utm_source=banner&utm_medium=psumain&utm_campaign=virusinfo,https://bit.ly/Covid19-safety,https://bit.ly/2UOGTg2
http://soratemplates.com,https://www.soratemplates.com/p/affiliate-program.html,http://www.soratemplates.com/p/support.html,http://www.soratemplates.com/p/services.html
http://allrecipes.com,https://www.allrecipes.com/#main-content,https://www.allrecipes.com/account/authenticationwelcome/,https://www.allrecipes.com/cook/my/
