200,http://www.google.com/,1620515386.203124
200,https://consent.youtube.com/ml?continue=https://www.youtube.com/&gl=NL&hl=en&pc=yt&uxe=23983172&src=1,1620515386.770622
200,https://www.sohu.com/,1620515387.573989
200,http://www.baidu.com/,1620515387.800177
200,https://www.facebook.com/,1620515388.432313
200,https://www.360.cn,1620515388.439292
200,https://www.qq.com/,1620515389.163122
200,https://global.jd.com,1620515389.412785
200,https://world.taobao.com,1620515389.502286
200,https://www.wikipedia.org/,1620515389.718391
503,https://www.amazon.com/,1620515389.812366
200,https://zoom.us/,1620515390.693868
200,https://consent.yahoo.com/v2/collectConsent?sessionId=3_cc-session_9d53c33d-2c14-49f5-b570-98793857571c,1620515390.711941
200,https://www.tmall.com/,1620515391.873083
200,https://weibo.com/overseas,1620515393.14147
200,https://www.sina.com.cn/?from=kandian,1620515394.636592
200,http://xinhuanet.com,1620515499.485356
200,https://outlook.live.com/owa/,1620515499.840266
200,https://www.reddit.com/,1620515502.469369
200,https://www.microsoft.com/nl-nl/,1620515503.739378
200,https://www.netflix.com/nl-en/,1620515505.720303
200,https://www.office.com/,1620515507.538627
200,https://panda.tv/,1620515509.38883
200,https://www.alipay.com,1620515517.363296
429,https://www.instagram.com/accounts/login/,1620515518.797266
200,http://www.google.com.hk/,1620515520.012318
200,https://www.csdn.net/,1620515525.487364
404,http://myshopify.com,1620515525.707544
200,https://m.vk.com/,1620515529.856756
403,https://www.canva.com/,1620515531.804609
200,http://www.bing.com/,1620515539.452878
200,https://www.yahoo.co.jp/,1620515544.221925
200,https://www.okezone.com/,1620515552.325873
200,https://www.twitch.tv/,1620515553.637437
200,https://www.naver.com/,1620515563.658257
200,https://stackoverflow.com/,1620515564.544633
200,https://www.apple.com/,1620515568.534331
200,https://nl.bongacams.com/,1620515572.436601
200,https://www.aparat.com/,1620515577.361279
200,https://www.ebay.com/,1620515577.638809
200,https://twitter.com/,1620515578.178147
200,https://www.adobe.com/,1620515587.410417
200,https://www.yy.com,1620515587.74215
200,http://www.tianya.cn,1620515592.192169
200,https://www.amazon.in/,1620515597.675631
200,https://www.amazon.co.jp/,1620515610.904896
200,https://www.aliexpress.com/,1620515611.322688
200,https://www.huanqiu.com/,1620515615.736532
200,https://yandex.ru/,1620515621.766637
200,https://www.linkedin.com/,1620515624.456671
200,https://coinmarketcap.com/,1620515629.884628
200,https://chaturbate.com/,1620515631.053219
200,https://mail.ru/,1620515631.994121
400,https://www.so.com?src=haosou.com,1620515638.136222
200,https://www.tribunnews.com/,1620515641.235003
200,https://www.tradingview.com/,1620515644.981291
200,https://wordpress.com/,1620515646.358853
200,https://ok.ru/,1620515647.367941
200,http://17ok.com,1620515670.833457
200,https://www.msn.com/nl-nl/,1620515671.721039
200,https://www.zhanqi.tv/,1620515689.500029
200,http://www.google.co.in/,1620515689.673564
200,https://www.chase.com/,1620515782.951269
200,http://www.google.com.br/,1620515789.2434
200,https://www.whatsapp.com/,1620515796.737644
200,http://medium.com,1620515827.717672
400,https://www.so.com?src=so.com,1620515828.202969
200,https://www.okta.com/,1620515828.446526
200,https://www.etsy.com/,1620515829.17645
200,https://www.instructure.com/,1620515834.46789
200,https://aws.amazon.com/,1620515842.16265
400,https://nl.indeed.com?r=us,1620515853.188368
200,https://www.imdb.com/,1620515871.925423
200,https://www.fandom.com/,1620515879.92217
200,https://www.zoho.com/,1620515888.25111
200,https://www.spotify.com/nl/,1620515924.506037
200,https://discord.com/,1620515925.052415
200,https://www.livejasmin.com/en/girls/,1620515944.156541
200,https://www.tiktok.com/,1620515965.447663
200,https://www.rakuten.co.jp/,1620515972.828243
200,https://www.espn.com/,1620515977.786813
200,http://www.google.de/,1620516007.81761
200,http://www.google.co.jp/,1620516008.522603
200,https://www.gome.com.cn/,1620516010.812227
200,https://www.kompas.com/,1620516011.307003
200,http://babytree.com,1620516016.432428
200,http://www.hao123.com/?__noscript__-=1,1620516032.319421
200,https://www.umeng.com/,1620516037.514815
200,https://www.pornhub.com/,1620516053.026393
200,https://www.varzesh3.com/,1620516061.459472
200,https://www.intuit.com/,1620516069.353914
200,https://imgur.com/,1620516105.36436
200,https://www.flipkart.com/,1620516155.972379
200,https://www.nytimes.com/,1620516158.980156
200,https://en.savefrom.net/20/,1620516189.050462
200,https://edition.cnn.com/,1620516189.591743
200,https://www.paypal.com/nl/home,1620516191.66534
200,https://www.roblox.com/,1620516192.228145
200,https://www.telewebion.com/,1620516197.879074
200,https://www.dropbox.com/,1620516214.077937
200,https://www.amazon.co.uk/,1620516218.775521
200,https://www.primevideo.com/,1620516234.122584
200,https://telegram.org/,1620516242.278558
200,https://www.zillow.com/captchaPerimeterX/?url=%2f&uuid=7e004360-b054-11eb-834f-038debc9b3e7&vid=,1620516250.94139
200,https://www.bbc.com/,1620516305.842702
200,http://www.google.cn/,1620516326.909643
200,http://www.rednet.cn/index.html,1620516339.06644
200,https://github.com/,1620516339.825917
200,https://wetransfer.com/,1620516349.981517
200,https://www.indiatimes.com/,1620516350.984065
200,https://www.grammarly.com:443/,1620516359.193875
200,https://www.daum.net/,1620516369.414346
200,https://xhamster.com,1620516402.32287
200,https://www.tumblr.com/,1620516424.936614
200,http://www.google.it/,1620516468.952756
200,http://www.google.fr/,1620516472.949913
200,https://www.6.cn,1620516477.415958
200,https://www.bilibili.com/?rt=V%2FymTlOu4ow%2Fy4xxNWPUZzwn%2BnEtIXr%2Bh520NLGe77g%3D,1620516525.976076
TCPTimeout,http://163.com,1620516530.080276
200,https://www.hotstar.com/,1620516531.212165
200,https://www.1688.com/,1620516534.00524
200,https://www.ilovepdf.com/,1620516534.991958
200,https://www.cnblogs.com/,1620516537.532767
503,http://padlet.com,1620516541.564353
200,http://www.google.ru/,1620516543.026319
200,https://www.nih.gov/,1620516544.964551
200,https://www.amazon.de/,1620516549.259167
200,https://www.booking.com/,1620516551.556985
200,https://www.pixnet.net/,1620516551.674228
200,https://stackexchange.com/,1620516552.049978
406,https://www.shutterstock.com:443/,1620516553.478397
200,https://www.salesforce.com/nl/?ir=1&bc=SM,1620516555.302535
200,https://eu.alibabacloud.com/en,1620516556.134176
200,https://www.digikala.com/,1620516556.573815
200,http://www.google.es/,1620516556.775945
200,https://www.salesforce.com/products/platform/products/force/?sfdc-redirect=300&bc=SM,1620516558.398189
200,https://www.healthline.com/,1620516559.818141
200,https://www.wellsfargo.com/,1620516560.870578
200,https://www.xvideos.com/,1620516563.638038
200,https://soundcloud.com/,1620516564.697553
200,https://www.ettoday.net/,1620516569.084281
200,https://www.deepl.com/translator,1620516573.64848
200,http://www.google.com.sg/,1620516573.737905
200,https://www.wix.com/,1620516574.61812
418,https://www.51.la,1620516577.613538
200,https://vimeo.com/,1620516578.046023
200,https://nl.godaddy.com/,1620516582.130044
200,https://www.tistory.com/,1620516585.90199
200,https://telegram.org/,1620516586.175366
200,https://www.bbc.co.uk/,1620516586.944508
200,https://www.speedtest.net/,1620516587.642473
200,http://www.google.com.tw/,1620516588.273457
200,http://videocampaign.co,1620516588.794644
200,https://www.pinterest.com/,1620516592.673685
200,https://www.mediafire.com/,1620516595.6935
200,https://www.fedex.com/global/choose-location.html,1620516596.599259
200,https://www.gosuslugi.ru/,1620516599.609579
200,https://smallpdf.com/,1620516600.488041
503,https://www.amazon.ca/,1620516601.856064
200,https://www.turkiye.gov.tr/,1620516602.976536
403,https://quizlet.com/,1620516603.263778
403,https://www.cowin.gov.in/,1620516608.46109
200,https://zerodha.com/,1620516611.390674
200,https://www.investing.com/,1620516620.180829
200,https://www.trendyol.com/,1620516622.091811
200,https://www.onlinesbi.com/,1620516625.604475
200,https://suara.com/,1620516627.184125
200,https://amsterdam.craigslist.org,1620516628.793774
200,https://archive.org,1620516630.001912
200,https://www.americanexpress.com/nl-nl/,1620516631.102538
200,https://www.ups.com/us/en/global.page,1620516636.050668
200,https://www.theguardian.com/international,1620516636.430004
200,https://www.usps.com/,1620516638.357231
200,https://www.hdfcbank.com/,1620516643.70997
200,https://www.liputan6.com/,1620516644.243027
200,http://www.google.com.mx/,1620516652.17519
200,https://www.youm7.com/,1620516655.403986
200,https://www.yelp.com/,1620516658.277581
403,http://zhihu.com,1620516659.704842
200,http://www.google.co.uk/,1620516662.825891
200,https://www.sogou.com/,1620516668.035145
200,http://soso.com,1620516669.485053
200,https://line.me/en/,1620516671.174494
200,https://www.docusign.com/,1620516671.501584
200,https://mobile.bet9ja.com/Mobile,1620516674.821972
200,https://www.fidelity.com/,1620516676.081005
200,https://evernote.com/,1620516687.022001
200,https://www.cnet.com/,1620516692.755659
200,https://www.kakaocorp.com/,1620516697.527295
403,https://www.binance.com/,1620516698.198644
200,https://www.asos.com/,1620516704.819491
200,https://www.skype.com/en/,1620516707.732832
200,https://www.uol.com.br/,1620516718.634903
403,https://www.homedepot.com/,1620516736.457683
200,https://www.researchgate.net/,1620516742.158392
200,https://www.w3schools.com/,1620516749.278868
200,http://www.google.com.tr/,1620516751.253249
200,https://www.chess.com/,1620516752.599977
200,https://www.capitalone.com/,1620516761.937688
200,https://www.ikea.com/,1620516762.819667
200,https://kumparan.com:443/,1620516765.926018
200,https://www.worldometers.info/,1620516770.989083
200,https://www.box.com,1620516774.094874
200,https://www.grid.id:443/,1620516775.054278
200,https://www.manoramaonline.com/home.html,1620516775.366669
200,https://www.hulu.com/welcome,1620516782.569445
403,https://www.avito.ru/,1620516783.117817
200,https://www.mozilla.org/en-US/,1620516784.22068
200,http://duckduckgo.com,1620516785.436604
403,https://www.washingtonpost.com/,1620516788.483477
200,https://www.xnxx.com/,1620516788.70974
200,https://www.ltn.com.tw/,1620516790.248432
200,https://www.slideshare.net/,1620516794.396775
200,https://www.ebay.de/,1620516799.006868
200,https://www.wikihow.com/Main-Page,1620516799.37487
200,https://block.fiverr.com/index.html?url=aHR0cDovL3d3dy5maXZlcnIuY29tLz8=&uuid=c57e4e70-b055-11eb-8533-398dc4f830b5&vid=,1620516800.418119
200,https://www.lazada.sg/,1620516806.40096
200,https://www.payoneer.com/,1620516809.421519
200,https://www.forbes.com/,1620516813.43093
200,https://www.globo.com/,1620516817.009606
200,https://www.nfl.com/,1620516817.908576
200,https://www.disneyplus.com/,1620516818.688379
403,https://chouftv.ma/,1620516821.522315
403,http://redfin.com,1620516825.934064
200,https://namnak.com/,1620516827.736072
200,https://www.coursera.org/,1620516828.707066
200,http://www.360.com/,1620516831.779214
200,https://www.blackboard.com/,1620516834.349813
200,https://www.icicibank.com/,1620516835.433731
200,http://www.google.ca/,1620516839.711652
200,https://www.ca.gov/,1620516845.399377
200,https://www.adp.com/,1620516848.689373
200,https://users.wix.com/signin?postLogin=https%3A%2F%2Fmanage.wix.com%2Fmy-account%2Fsites&originUrl=https%3A%2F%2Fmanage.wix.com%2Fmy-account%2Fsites&overrideLocale=en&forceRender=true,1620516850.857754
200,https://www.reddit.com/,1620516854.4002
200,https://www.behance.net/,1620516855.312645
200,https://weather.com/?Goto=Redirected,1620516857.1917
200,https://www.cricbuzz.com/,1620516859.87019
200,https://www.merdeka.com/,1620516864.878922
403,https://www.realtor.com/,1620516870.444297
200,https://www.airbnb.com/,1620516871.41975
403,https://www.etoro.com/,1620516872.107837
200,https://www.investopedia.com/,1620516872.979657
200,https://www.sindonews.com/,1620516877.904036
200,https://www.gmw.cn/,1620516881.180252
403,https://www.chegg.com/,1620516881.806915
200,https://www.y2mate.com/en68,1620516882.925484
200,https://www.canada.ca/home.html,1620516888.463989
200,http://cnnic.cn,1620516893.584267
200,https://www.ebay.co.uk/,1620516917.102192
403,https://reverso.net/,1620516918.415672
200,https://www.blogger.com/about/?bpli=1,1620516921.109812
200,https://www.alibaba.com/?__redirected__=1,1620516923.183357
200,https://www.irs.gov/,1620516929.232809
200,https://www.businessinsider.com/,1620516933.408864
200,https://www.sberbank.ru/ru/person,1620516935.577618
200,https://www.bet365.com/,1620516946.166395
200,https://www.proiezionidiborsa.it/,1620516947.754757
200,https://www.moneycontrol.com/,1620516948.146614
200,https://www.bloomberg.com/tosv2.html?vid=&uuid=20dd9280-b056-11eb-a88f-35bff3a500fc&url=Lw==,1620516953.332079
503,http://sonhoo.com,1620516959.735519
403,http://mercadolivre.com.br,1620516960.129155
200,http://www.google.co.th/,1620516968.165503
200,https://www.ndtv.com/,1620516968.51164
200,https://www.target.com,1620516972.146405
200,https://www.webex.com/,1620516973.40987
200,https://www.squarespace.com/,1620516985.551129
400,http://51yes.com,1620516986.076553
200,https://tudou.com/,1620516990.123456
200,https://www.docusign.net/,1620516994.528066
200,http://www.google.com.sa/,1620516994.730687
200,https://www.freepik.com/,1620516995.088034
200,http://www.ih5.cn/,1620516999.099505
200,https://www.metropoles.com/,1620517002.742632
200,https://www.foxnews.com/,1620517019.940952
200,https://www.bukalapak.com/,1620517027.318934
200,https://t.co/,1620517043.550369
200,https://www.samsung.com/nl/,1620517047.281482
200,https://www.patreon.com/,1620517047.691958
403,https://allegro.pl/,1620517050.480934
403,http://mercadolibre.com.mx,1620517053.595741
200,https://linktr.ee/,1620517063.570047
200,http://www.google.com.ar/,1620517066.218184
200,https://www.amazon.es/,1620517066.904557
200,https://www.amazon.it/,1620517068.163219
TCPTimeout,http://myworkday.com,1620517072.800635
403,https://www.dailymail.co.uk/home/index.html,1620517092.130951
200,https://aliexpress.ru/,1620517095.244333
200,https://www.aajtak.in/,1620517103.1312
403,http://namu.wiki,1620517105.245064
TimeoutError,https://www.tokopedia.com/,1620517112.824903
200,https://www8.hp.com/nl/nl/home.html,1620517114.111525
200,http://www.google.com/videohp,1620517114.123771
403,http://sciencedirect.com,1620517114.350947
200,https://iqoption.com/,1620517114.643628
200,https://www.wayfair.com/v/captcha/show?goto=https%3A%2F%2Fwww.wayfair.com%3F&px=1&captcha_status=0,1620517116.61604
200,https://www.hootsuite.com/,1620517121.307491
200,https://www.glassdoor.nl/index.htm?countryRedirect=true,1620517130.909328
200,https://www.cj.com,1620517133.21064
200,https://donya-e-eqtesad.com/,1620517135.903382
200,https://www.in.gr/,1620517136.932605
500,https://shaparak.ir/,1620517138.863485
200,https://www.thesaurus.com/,1620517144.341126
200,http://agacelebir.com,1620517148.728117
403,http://mercadolibre.com.ar,1620517150.944065
200,https://www.eghtesadonline.com/,1620517152.144913
200,https://www.ask.com/,1620517158.109341
200,https://www.tdameritrade.com/home.html,1620517159.808217
200,https://www.dailymotion.com/,1620517163.445608
200,https://www.goodreads.com/,1620517164.703191
505,https://zol.com.cn/,1620517166.29767
200,https://euw.op.gg/,1620517169.260224
200,https://www.idntimes.com/,1620517174.516164
200,https://www.udemy.com/,1620517175.31946
200,http://www.google.com.eg/,1620517177.22505
200,https://www.bankofamerica.com/,1620517179.301585
200,https://consent.yahoo.com/v2/collectConsent?sessionId=3_cc-session_ceb70538-543b-4d59-a9b5-56db5fbca7f0,1620517180.298866
200,https://flickr.com/,1620517181.366155
TimeoutError,https://www.bestbuy.com/,1620517184.462101
200,https://www.wildberries.ru/,1620517185.21746
200,https://www.namasha.com/,1620517189.380161
200,http://thestartmagazine.com/feed/summary,1620517189.500638
200,https://www.amazon.fr/,1620517190.545165
200,https://www.orange.fr/portail,1620517191.206521
200,https://www.xfinity.com/,1620517195.775374
200,https://www.trustpilot.com/,1620517196.024647
200,https://www.cnnindonesia.com/,1620517197.389434
200,https://www.td.com/ca/en/about-td/,1620517198.424502
200,https://1337x.to/,1620517201.057784
200,https://www.rt.com/,1620517203.40625
200,https://www.gismeteo.ru/,1620517212.014257
200,https://trello.com/,1620517212.447643
429,https://www.sahibinden.com/,1620517213.841642
200,https://onlyfans.com/,1620517214.952839
403,https://www.leboncoin.fr/,1620517215.908484
200,https://iyiou.com/,1620517218.816995
200,https://www.zendesk.com/,1620517219.201022
403,https://www.naukri.com/,1620517219.802745
200,https://www.ibicn.com:443/,1620517228.342072
200,https://gov.ao/login,1620517229.887362
200,https://www.rakuten-bank.co.jp/,1620517230.881179
200,https://spankbang.com/,1620517231.641703
200,https://www.exoclick.com/,1620517231.979499
200,https://www.espncricinfo.com/,1620517233.016205
200,https://www.citi.com/,1620517235.148185
200,http://www.google.pl/,1620517235.388305
200,https://www.filimo.com/,1620517238.016927
200,https://www.setn.com/,1620517247.013522
200,https://www.tripadvisor.com/,1620517250.945003
200,https://www.scribd.com/,1620517259.29462
200,https://ameblo.jp/,1620517261.072311
403,https://www.dell.com/,1620517261.802987
200,https://www.rambler.ru/,1620517266.040083
200,http://www.google.co.id/,1620517278.68201
200,https://www.schwab.com/,1620517279.619428
200,https://www.ninisite.com/,1620517325.308585
200,https://www.nicovideo.jp/,1620517327.897048
200,https://www.webmd.com/,1620517407.421994
200,https://www.pinterest.com/,1620517440.03682
200,https://web.de/,1620517441.34146
429,https://nl.quora.com/,1620517453.197954
200,https://www.ebay-kleinanzeigen.de/,1620517453.727897
200,http://www.360doc.com/index.html,1620517457.231933
200,https://www.elwatannews.com/,1620517457.576612
200,https://www.dhl.com/nl-nl/home.html?locale=true,1620517468.653611
200,https://www.coupang.com/,1620517497.041133
520,https://www.cambridge.org/,1620517499.243536
200,https://www.wikimedia.org/,1620517501.282108
200,https://fc2.com/,1620517510.739728
200,https://eu.usatoday.com/,1620517513.566129
200,https://adf.ly/?21,1620517521.7704
200,http://www.google.co.kr/,1620517524.557346
200,https://www.constantcontact.com/,1620517527.962653
200,https://www.ziggo.nl/yarrr,1620517528.388477
200,http://www.google.az/,1620517533.060342
200,https://www.iqiyi.com/,1620517533.08192
200,https://www.tv9marathi.com/,1620517533.886833
200,https://www.jpnn.com/,1620517534.473769
200,https://note.com/,1620517537.375573
200,https://www.runoob.com,1620517541.642602
200,https://www.abs-cbn.com/,1620517544.827075
200,https://www.cbssports.com/,1620517545.645958
403,http://patch.com,1620517559.769681
200,https://shopee.co.id/,1620517561.744532
200,https://www.dbs.com.sg/index/default.page,1620517562.936254
200,https://www.weebly.com/,1620517564.22815
200,https://www.reuters.com/,1620517569.78219
200,https://www.patria.org.ve/login,1620517570.950551
200,https://www.greenhouse.io/,1620517571.344889
200,https://www.rbcroyalbank.com/personal.html,1620517573.522792
403,https://www.costco.com/,1620517579.073049
200,https://us.etrade.com/home,1620517587.736703
200,https://www.qoo10.sg/?__ar=Y,1620517594.220894
200,https://www.rctiplus.com/,1620517594.823798
403,https://www.coursehero.com/,1620517595.026044
200,https://kakaku.com/,1620517597.266226
200,https://www.hurriyet.com.tr/,1620517599.259139
200,https://www.cdc.gov/,1620517600.79398
200,https://azure.microsoft.com/en-us/,1620517604.006551
200,https://www.oschina.net/,1620517612.376837
200,https://divar.ir/,1620517613.297561
200,https://www.ouedkniss.com/,1620517614.248245
200,https://get-express-vpn.online/,1620517621.151887
200,https://www.ladbible.com/,1620517627.37964
200,https://1stepdownload.com/,1620517629.384513
TimeoutError,https://www.hepsiburada.com/,1620517635.43512
200,https://ria.ru/,1620517636.098553
404,https://weblio.jp:443/,1620517638.799407
200,https://www.softonic.com/,1620517639.356177
403,http://www.crunchyroll.com/,1620517641.733996
TCPTimeout,http://shimo.im,1620517642.149173
200,https://www.breitbart.com/,1620517644.372193
200,https://giphy.com/,1620517647.586025
200,http://www.dmm.co.jp:80/,1620517651.655729
200,https://clickpost.jp/,1620517653.737768
200,https://www.ensonhaber.com/,1620517654.205268
200,https://www.gmx.net/,1620517665.181799
200,https://bj.58.com/,1620517667.848672
200,http://www.house365.com/,1620517672.767919
200,https://www.seznam.cz/,1620517674.140919
200,https://freshdesk.com/,1620517676.170064
200,http://chinanetrank.com,1620517678.143349
200,https://slack.com/intl/en-nl/,1620517680.365683
200,https://genius.com/,1620517689.447742
200,http://www.google.com.au/,1620517689.976293
200,https://nypost.com/,1620517696.898522
200,https://house.focus.cn/,1620517709.938615
200,https://mailchimp.com/,1620517710.209528
200,https://eur.shein.com/?ref=www&rep=dir&ret=eur,1620517711.997547
200,https://issuu.com:443/,1620517712.977275
200,https://wartaekonomi.co.id/,1620517726.560194
200,https://www.schoology.com/,1620517727.625947
200,https://o.laroza.net:2053/,1620517728.932904
200,https://www.surveymonkey.com/,1620517744.212316
200,https://shopee.com.my/,1620517761.34825
200,https://www.oracle.com/index.html,1620517769.295163
200,https://www.eghtesadnews.com/,1620517769.352153
200,https://www.alodokter.com/,1620517772.914333
200,https://www.biobiochile.cl/,1620517774.198141
200,https://www.marca.com/,1620517776.707845
200,https://shopee.tw/,1620517776.759111
200,https://mailchimp.com/about/mcsv-static,1620517777.71251
200,https://vnexpress.net/,1620517783.793935
200,https://www.utorrent.com/,1620517789.328964
200,https://yts.mx/,1620517790.632266
200,https://www.zhibo8.cc/,1620517791.866855
200,https://www.att.com/,1620517792.561873
200,https://www.iherb.com/,1620517793.299114
200,https://lenta.ru/,1620517795.781406
200,https://www.hostgator.com/,1620517797.2634
TCPTimeout,http://bbcollab.com,1620517824.416097
200,https://www.kapanlagi.com/,1620517826.609109
200,https://www.brilio.net/,1620517833.188825
200,https://www.n11.com/,1620517834.188512
403,https://ozon.ru/,1620517837.959208
404,http://dspultra.com,1620517845.387054
200,https://www.nikkei.com/,1620517855.871465
400,http://storage.googleapis.com,1620517856.679921
200,https://www.verizon.com,1620517862.73217
403,https://www.yoox.com/,1620517882.05929
200,https://www.kontan.co.id/,1620517897.55568
200,https://www.smartsheet.com/,1620517898.353928
200,https://www.outbrain.com/,1620517901.217779
200,https://discord.com/,1620517903.304041
403,http://gusuwang.com,1620517906.222995
200,https://www.hbomax.com/,1620517906.730716
403,http://coindesk.com,1620517908.45039
200,https://www.jawapos.com/,1620517915.703033
200,https://heavy.com/,1620517915.818312
200,https://teachable.com/,1620517916.910909
200,https://www.albawabhnews.com/,1620517917.245712
200,https://www.hotmart.com/en,1620517919.435925
200,http://www.it168.com,1620517926.863833
200,https://feedly.com/,1620517928.572756
200,https://www.messenger.com/,1620517929.264456
200,https://sourceforge.net/,1620517930.625437
200,https://www.ea.com/,1620517931.707209
200,https://9gag.com/,1620517936.987545
403,http://rarbg.to,1620517941.170784
200,https://www.sba.gov/,1620517942.865105
200,https://www.deviantart.com/,1620517943.592036
200,https://wordpress.org/,1620517945.115884
TimeoutError,http://rakuten.com,1620518014.35995
TCPTimeout,http://pulzo.com,1620518074.271742
TimeoutError,https://www.lowes.com/,1620518340.167684
