200,200,linkedin.com/?trk=guest_homepage-basic_nav-header-logo
200,200,apple.com/us/search
200,200,linkedin.com/#main-content
200,200,apple.com/#ac-gn-menustate
200,200,linkedin.com/legal/cookie-policy
200,200,en.wikipedia.org/wiki/Main_Page#searchInput
200,200,microsoft.com/microsoft-365/microsoft-office
200,200,en.wikipedia.org/wiki/Main_Page#mw-head
200,200,apple.com/us/shop/goto/bag
200,200,en.wikipedia.org/wiki/Wikipedia
200,200,support.google.com/support_portal
200,200,blogger.com/about/?bpli=1#maincontent
200,200,policies.google.com/technologies/cookies?hl=en-GB&utm_source=ucb
200,200,policies.google.com/technologies/cookies?hl=en-GB&utm_source=ucb
200,200,blogger.com/go/home
200,200,policies.google.com/technologies/cookies
200,200,policies.google.com/technologies/cookies?hl=en&utm_source=ucb
200,200,accounts.google.com/SignUp?continue=https%3A%2F%2Fdocs.google.com%2F
200,200,policies.google.com/technologies/cookies?hl=en-GB&utm_source=ucb
200,200,policies.google.com/technologies/cookies?hl=en-GB&utm_source=ucb
200,200,europa.eu/#content
200,200,europa.eu/#menu
200,200,support.google.com/?tab=uu
200,200,europa.eu/european-union/index_en
200,200,blogger.com/go/signin
200,200,adobe.com/creativecloud/buy/students.html?promoid=P79NQTWV&mv=other
200,200,accounts.google.com/ServiceLogin?hl=en-GB&continue=https://www.youtube.com/?feature%3Dyoutu.be&gae=cb-23983172
200,200,adobe.com/creativecloud/catalog/desktop.html?promoid=PTYTQ77P&mv=other#mini-plans-web-cta-creative-cloud-card
200,200,accounts.google.com/ServiceLogin?passive=1209600&continue=https://play.google.com/store&followup=https://play.google.com/store&ec=GAZATg
200,200,adobe.com/creativecloud.html
200,200,accounts.google.com/ServiceLogin?hl=en&continue=https://www.google.com/maps&gae=cb-
200,200,es.wikipedia.org/wiki/Wikipedia:Bienvenidos
200,200,es.wikipedia.org/wiki/Wikipedia:Portada#searchInput
200,200,es.wikipedia.org/wiki/Wikipedia:Portada#mw-head
200,200,microsoft.com/microsoft-365
200,200,pt.wikipedia.org/wiki/Especial:Minha_discuss%C3%A3o
200,200,accounts.google.com/SignUp?continue=https%3A%2F%2Fplus.google.com%2F
200,200,pt.wikipedia.org/wiki/Wikip%C3%A9dia:P%C3%A1gina_principal
200,200,pt.wikipedia.org/wiki/Wikip%C3%A9dia:P%C3%A1gina_principal#content
200,200,bbc.co.uk/accessibility
200,200,bbc.co.uk/accessibility
200,200,meunegocio.uol.com.br/?utm_source=uol.com.br&utm_medium=barrauol&utm_campaign=linkfixo-barrauol-umn&utm_term=barrauol-umn&utm_content=barrauol-umn
200,200,uol.com.br/#versao-mobile
200,200,accounts.google.com/AccountChooser?continue=https%3A%2F%2Fdocs.google.com%2F&followup=https%3A%2F%2Fdocs.google.com%2F&rip=1&emr=1
200,200,batepapo.uol.com.br
200,200,accounts.google.com/SignUp?continue=https%3A%2F%2Faccounts.google.com%2F
200,200,bbc.co.uk/#main-heading
200,200,amazon.com/ap/signin?openid.pape.max_auth_age=0&openid.return_to=https%3A%2F%2Famazon.com%2F%3F_encoding%3DUTF8%26ref_%3Dnav_ya_signin&openid.identity=http%3A%2F%2Fspecs.openid.net%2Fauth%2F2.0%2Fidentifier_select&openid.assoc_handle=usflex&openid.mode=checkid_setup&openid.claimed_id=http%3A%2F%2Fspecs.openid.net%2Fauth%2F2.0%2Fidentifier_select&openid.ns=http%3A%2F%2Fspecs.openid.net%2Fauth%2F2.0&
200,200,vk.com/away.php?to=https%3A%2F%2Fwww.opera.com&badbrowser=opera
200,200,accounts.google.com/ServiceLogin?service=wise&passive=true&continue=http%3A%2F%2Fdrive.google.com%2F%3Futm_source%3Den&utm_medium=button&utm_campaign=web&utm_content=gotodrive&usp=gtd&ltmpl=drive
200,200,vk.com/away.php?to=https%3A%2F%2Fwww.google.com%2Fchrome&badbrowser=chrome
200,200,vk.com/away.php?to=https%3A%2F%2Fwww.google.com%2Fchrome&badbrowser=chrome
200,200,bbc.com
200,200,amazon.com/ref=nav_logo
200,200,vk.com/away.php?to=https%3A%2F%2Fwww.mozilla.org&badbrowser=firefox
200,200,vk.com/away.php?to=https%3A%2F%2Fwww.mozilla.org&badbrowser=firefox
200,200,amazon.com/gp/customer-preferences/select-language/ref=topnav_lang_ais?preferencesReturnUrl=%2F
200,200,edition.cnn.com/politics
200,200,github.com/join?ref_cta=Sign+up&ref_loc=header+logged+out&ref_page=%2F&source=header-home
200,200,github.com/#start-of-content
200,200,edition.cnn.com/world
200,200,meta.wikimedia.org/wiki/Our_projects
200,200,edition.cnn.com
200,200,meta.wikimedia.org/wiki/Special:MyLanguage/Wikimedia_chapters
200,200,creativecommons.org/use-remix
200,200,forbes.com/forbes-400
200,200,docs.github.com/articles/supported-browsers
200,200,creativecommons.org/share-your-work
200,200,opera.com/features
200,200,meta.wikimedia.org/wiki/Special:MyLanguage/Wikimedia_movement
200,200,forbes.com/billionaires
200,200,mail.yahoo.com
200,200,creativecommons.org/#content
200,200,accounts.google.com/AccountChooser?continue=https%3A%2F%2Fplus.google.com%2F&followup=https%3A%2F%2Fplus.google.com%2F&osid=1&rip=1
200,200,forbes.com/worlds-billionaires
200,200,vimeo.com/solutions/marketing
200,200,opera.com/mobile
200,200,accounts.google.com/AccountChooser?continue=https%3A%2F%2Faccounts.google.com%2F&followup=https%3A%2F%2Faccounts.google.com%2F&rip=1
200,200,opera.com/computer
200,200,vimeo.com/join
200,200,accounts.google.com/SignUp?service=jotspot&continue=https%3A%2F%2Fsites.google.com%2F
200,200,vimeo.com/log_in
200,200,myspace.com/discover/songs
200,200,jimdo.com/website/how-to-create
200,200,outlook.live.com/owa/?nlp=1
200,200,outlook.live.com/owa/?nlp=1
200,200,jimdo.com/blog/our-mission
200,200,dropbox.com/app-integrations
200,200,go.microsoft.com/fwlink/?linkid=2087917
200,200,go.microsoft.com/fwlink/?linkid=2087917
200,200,accounts.google.com/AccountChooser?continue=https%3A%2F%2Fsites.google.com%2F&followup=https%3A%2F%2Fsites.google.com%2F&service=jotspot&rip=1
200,200,calls.mail.ru/?fm=1
200,200,myspace.com/discover/featured
200,200,go.microsoft.com/fwlink/?linkid=2087918
200,200,go.microsoft.com/fwlink/?linkid=2087918
200,200,jimdo.com
200,200,bbc.co.uk
200,200,bbc.com/#orb-modules
200,200,e.mail.ru/login?from=main
200,200,dropbox.com/help/4213
200,200,dropbox.com/business/customers
200,200,myspace.com/search
200,200,news.yahoo.com
200,200,news.yahoo.com
200,200,news.yahoo.com
200,200,news.yahoo.com
200,200,medium.com/membership
200,200,medium.com/about?autoplay=1
200,200,reuters.com/world
200,200,about.medium.com/creators
200,200,reutersagency.com/en/media-center/welcome-to-the-new-reuters-com
200,200,weebly.com/pricing
200,200,w3.org/standards
200,200,reuters.com/#main-content
200,200,w3.org/Consortium/membership
200,200,w3.org/participate
200,200,policies.google.com/technologies/cookies?hl=en-US&utm_source=ucb
200,200,policies.google.com/technologies/cookies?hl=en-US&utm_source=ucb
200,200,policies.google.com/technologies/cookies?hl=en-US&utm_source=ucb
200,200,weebly.com/online-store
200,200,finance.yahoo.com
200,200,finance.yahoo.com
200,200,workspace.google.com/products/gmail/?utm_source=gmailforwork&utm_medium=et&utm_campaign=global-xsell-website-ft-gmail_for_work_googleworkspacelink&utm_content=forwork
200,200,workspace.google.com/products/gmail/?utm_source=gmailforwork&utm_medium=et&utm_campaign=global-xsell-website-ft-gmail_for_work_googleworkspacelink&utm_content=forwork
200,200,accounts.google.com/AccountChooser?service=mail&continue=https://mail.google.com/mail
200,200,accounts.google.com/AccountChooser?service=mail&continue=https://mail.google.com/mail
200,200,weebly.com/websites
200,200,bbc.co.uk/accessibility
200,200,bbc.co.uk/accessibility
200,200,telegram.org/?setln=id
200,200,telegram.org/?setln=id
200,200,imdb.com/?ref_=nv_home
200,200,telegram.org/?setln=en
200,200,telegram.org/?setln=en
200,200,telegram.org
200,200,telegram.org
200,200,policies.google.com/privacy
200,200,policies.google.com/privacy
200,200,developers.google.com/products
200,200,accounts.google.com/ServiceLogin?hl=en-US&continue=https://news.google.com/&gae=cb-
200,200,developer.android.com
200,200,imdb.com/calendar/?ref_=nv_mv_cal
200,200,cloud.google.com
200,200,assine.abril.com.br/portal/paginasEstaticas!showFaleConosco.action
200,200,slideshare.net/explore
200,200,sac.abril.com.br/?_ga=1.195073060.947681749.1480426162
200,200,goread.com.br
200,200,slideshare.net/privacy
200,200,fr.wikipedia.org/wiki/Wikip%C3%A9dia:Accueil_principal#content
200,200,fr.wikipedia.org/wiki/Sp%C3%A9cial:Mes_discussions
200,200,issuu.com:443/features?issuu_product=header&issuu_subproduct=anon_home&issuu_context=link&issuu_cta=features
200,200,fr.wikipedia.org/wiki/Wikip%C3%A9dia:Accueil_principal
200,200,msn.com/nl-nl
200,200,accounts.google.com/ServiceLogin?passive=1209600&continue=https://policies.google.com/&followup=https://policies.google.com/&ec=GAZAoQQ
200,200,slideshare.net/terms
200,200,issuu.com:443/pricing?issuu_product=header&issuu_subproduct=anon_home&issuu_context=link&issuu_cta=try?issuu_product=header&issuu_subproduct=anon_home&issuu_context=link&issuu_cta=try
200,200,issuu.com:443
200,200,minhaconta.globo.com
200,200,accounts.google.com/SignUp?service=feedburner&continue=https%3A%2F%2Ffeedburner.google.com%2Ffb%2Fa%2Fmyfeeds
200,200,g1.globo.com
200,200,theguardian.com/international#maincontent
200,200,theguardian.com/international#maincontent
200,200,imdb.com/list/ls016522954/?ref_=nv_tvv_dvd
200,200,theguardian.com/international
200,200,theguardian.com/international
200,200,store.steampowered.com/explore/?snr=1_4_4__global-responsive-menu
200,200,"support.theguardian.com/contribute?INTCMP=header_support_contribute&acquisitionData=%7B%22source%22:%22GUARDIAN_WEB%22,%22componentType%22:%22ACQUISITIONS_HEADER%22,%22componentId%22:%22header_support_contribute%22%7D"
200,200,"support.theguardian.com/contribute?INTCMP=header_support_contribute&acquisitionData=%7B%22source%22:%22GUARDIAN_WEB%22,%22componentType%22:%22ACQUISITIONS_HEADER%22,%22componentId%22:%22header_support_contribute%22%7D"
200,200,latimes.com/environment
200,200,bitly.com/pages/why-bitly
200,200,bitly.com/pages/why-bitly
200,200,msn.com/nl-nl/#temp
200,200,store.steampowered.com/login/?redir=&redir_ssl=1&snr=1_4_4__global-header
200,200,bitly.com/pages
200,200,bitly.com/pages
200,200,latimes.com/california
200,200,latimes.com/business
200,200,globoesporte.globo.com
200,200,bitly.com/#content
200,200,bitly.com/#content
200,200,store.steampowered.com/?snr=1_4_4__global-responsive-menu
200,200,apache.org/foundation
200,200,accounts.google.com/AccountChooser?continue=https%3A%2F%2Ffeedburner.google.com%2Ffb%2Fa%2Fmyfeeds&service=feedburner&rip=1
200,200,finance.yahoo.com
200,200,finance.yahoo.com
200,200,apache.org/index.html#news
200,200,nytimes.com/#after-dfp-ad-top
200,200,apache.org/#maincontent
200,200,time.com/manage-account-header
200,200,yahoo.com
200,200,yahoo.com
200,200,yahoo.com
200,200,yahoo.com
200,200,cloud.newsletters.time.com/newsletters/?source=TD_CMS_HP_Nav
200,200,fandom.com/topics/movies
200,200,fandom.com/topics/movies
200,200,cdc.gov/#az-large
200,200,cdc.gov/spanish
200,200,un.org/en/observances/earth-day
200,200,fandom.com/topics/games
200,200,fandom.com/topics/games
200,200,fandom.com
200,200,fandom.com/topics/tv
200,200,webmd.com/#main-container
200,200,fandom.com/topics/movies
200,200,fandom.com/topics/movies
200,200,emagazines.com/Account/VipLogin/1B260DD4-FCAE-4A2D-9AC3-9C5C66572252
200,200,fandom.com/topics/games
200,200,fandom.com/topics/games
200,200,symptoms.webmd.com/default.htm
200,200,webmd.com/coronavirus
200,200,un.org/zh/observances/earth-day
200,200,un.org/ar/observances/earth-day
200,200,draft.blogger.com/about/?bpli=1#maincontent
200,200,google.com/chrome
200,200,google.com/chrome
200,200,google.com/chrome
200,200,draft.blogger.com/go/home
200,200,cdc.gov/#content
200,200,policies.google.com/technologies/cookies?hl=en
200,200,network.mobile.rakuten.co.jp
200,200,event.rakuten.co.jp/superdeal
200,200,google.com/account/about
200,200,support.google.com/accounts/answer/3118621?hl=en
200,200,google.com/accounts/Login?service=print&continue=https://books.google.com/%3Fhl%3Den&hl=en&ec=GAZACg
200,200,policies.google.com/privacy
200,200,policies.google.com/privacy
200,200,buydomains.com/contact-buydomains
200,200,checkout.buydomains.com
200,200,nytimes.com/#site-content
200,200,policies.google.com/technologies/cookies?hl=en-US&utm_source=ucb
200,200,policies.google.com/technologies/cookies?hl=en-US&utm_source=ucb
200,200,policies.google.com/technologies/cookies?hl=en-US&utm_source=ucb
200,200,change.org/petitions
200,200,draft.blogger.com/go/signin
200,200,change.org/u/me
200,200,dailymail.co.uk/news/index.html
200,200,cpanel.net/products
200,200,cpanel.net/products
200,200,dailymail.co.uk/home/index.html
200,200,cpanel.net
200,200,accounts.google.com/ServiceLogin?hl=en-US&continue=https://translate.google.com/&gae=cb-
200,200,change.org/start-a-petition?source_location=header
200,200,dailymail.co.uk/ushome/index.html
200,200,cpanel.net/products/cpanel-whm-features
200,200,cpanel.net/products
200,200,cpanel.net/products
200,200,ranking.rakuten.co.jp
200,200,accounts.google.com/ServiceLogin?service=accountsettings&continue=https://myaccount.google.com%3Futm_source%3Daccount-marketing-page%26utm_medium%3Dgo-to-account-button
200,200,cpanel.net/wordpress-toolkit
200,200,cpanel.net/wordpress-toolkit
200,200,mozilla.org/firefox/new
200,200,google.com/chrome
200,200,google.com/chrome
200,200,google.com/chrome
200,200,cpanel.net/wordpress-toolkit
200,200,cpanel.net/wordpress-toolkit
200,200,ebay.com/sch/ebayadvsearch
200,200,signin.ebay.com/ws/eBayISAPI.dll?SignIn&_trksid=m570.l3348
200,200,vaultpress.com
200,200,akismet.com
200,200,de.wikipedia.org/wiki/Wikipedia:Hauptseite#artikel
200,200,telegraph.co.uk/rewards/?icid=subs-offers_rewards_nav-bar_generic_utilities_1019
200,200,archive.org#maincontent
200,200,ebay.com/#mainContent
200,200,wordpress.com
200,200,wordpress.com
200,200,wordpress.com
200,200,washingtonpost.com/?tid=tst_homelink
200,200,de.wikipedia.org/wiki/Wikipedia:Hauptseite#searchInput
200,200,subscribe.washingtonpost.com/acquisition/?nid=top_pb_subscribe&promo=o2&oscode=RPWH&p=s_v&s_l=ONSITE_HEADER_FRONT&acqEntType=mktg_onsite_homepage&destination=https://www.washingtonpost.com/gdpr-consent/&tid=nav_subscribe_logged_out
200,200,de.wikipedia.org/wiki/Wikipedia:Hauptseite#mw-head
200,200,washingtonpost.com/gdpr-consent/?next_url=https%3a%2f%2fwashingtonpost.com%2f
200,200,plesk.com/partners
200,200,telegraph.co.uk/news/0/introducing-new-telegraph-app
200,200,blog.archive.org/2020/06/10/temporary-national-emergency-library-to-close-2-weeks-early-returning-to-traditional-controlled-digital-lending
200,200,plesk.com/#jupiterx-primary
200,200,telegraph.co.uk/#main-content
200,200,microsoft.com/edge
200,200,wordpress.com/wp-login.php?redirect_to=https%3A%2F%2Fwordpress.com%2F
200,200,wordpress.com/wp-login.php?redirect_to=https%3A%2F%2Fwordpress.com%2F
200,200,nytimes.com/#site-index
200,200,dan.com/#market-place
200,200,telegram.org/?setln=id
200,200,telegram.org/?setln=id
200,200,support.namecheap.com/index.php?/Tickets/Submit
200,200,dan.com/users/login
200,200,dan.com/users/login
200,200,abcnews.go.com/US
200,200,namecheap.com/help-center/live-chat
200,200,telegram.org/?setln=en
200,200,telegram.org/?setln=en
200,200,dan.com/users/signup
200,200,dan.com/users/signup
200,200,telegram.org
200,200,telegram.org
200,200,abcnews.go.com/Live
200,200,mediafire.com/help/submit_a_ticket.php
200,200,wordpress.com/pricing
200,200,wordpress.com/pricing
200,200,the-sun.com
200,200,abcnews.go.com/Video
200,200,mediafire.com/upgrade
200,200,namecheap.com/support
200,200,it.wikipedia.org/wiki/Aiuto:Benvenuto
200,200,wordpress.com
200,200,wordpress.com
200,200,wordpress.com
200,200,discover.aol.com/products-and-services?tags=downloads
200,200,it.wikipedia.org/wiki/Pagina_principale#mw-head
200,200,it.wikipedia.org/wiki/Pagina_principale#searchInput
200,200,youronlinechoices.com/at
200,200,thesun.co.uk/#main-content
200,200,youronlinechoices.com/goodpractice
200,200,wired.com/auth/initiate
200,200,subscribe.wired.com/subscribe/splits/wired/WIR_FAILSAFE?source=HCL_WIR_MOBILE_NAVBAR_FAILSFE_0
200,200,subscribe.wired.com/subscribe/splits/wired/WIR_FAILSAFE?source=HCL_WIR_GLOBAL_NAVBAR_FAILSAFE_0
200,200,eu.usatoday.com/news
200,200,developers.googleblog.com
200,200,samsung.com/us/support/account/benefits
200,200,googleblog.blogspot.com/2009/12/making-urls-shorter-for-google-toolbar.html
200,200,developers.googleblog.com/2018/03/transitioning-google-url-shortener.html
200,200,eu.usatoday.com
200,200,id.wikipedia.org/wiki/Wikipedia
200,200,abonnement.lefigaro.fr/lefigaro?origine=VWH16003&ga_source=VWH16003_header_ouvert&redirect_uri=__uri__
200,200,lefigaro.fr/#fig-page
200,200,eu.usatoday.com/#mainContentSection
200,200,recherche.lefigaro.fr/recherche
200,200,id.wikipedia.org/wiki/Halaman_Utama#searchInput
200,200,huffpost.com/feature/coronavirus
200,200,huffpost.com/feature/coronavirus
200,200,id.wikipedia.org/wiki/Halaman_Utama#mw-head
200,200,huffpost.com/news/us-news
200,200,huffpost.com/news/us-news
200,200,huffpost.com/news
200,200,huffpost.com/news
200,200,accounts.google.com/SignUp?continue=https%3A%2F%2Fget.google.com%2Falbumarchive
200,200,microsoft.com/en-gb/microsoft-365/buy/compare-all-microsoft-365-products
200,200,huffpost.com/news/us-news
200,200,huffpost.com/news/us-news
200,200,amazon.co.jp/-/en/ref=nav_logo
200,200,amazon.co.jp/ap/signin?openid.pape.max_auth_age=0&openid.return_to=https%3A%2F%2Famazon.co.jp%2F%3F_encoding%3DUTF8%26ref_%3Dnav_ya_signin&openid.identity=http%3A%2F%2Fspecs.openid.net%2Fauth%2F2.0%2Fidentifier_select&openid.assoc_handle=jpflex&openid.mode=checkid_setup&openid.claimed_id=http%3A%2F%2Fspecs.openid.net%2Fauth%2F2.0%2Fidentifier_select&openid.ns=http%3A%2F%2Fspecs.openid.net%2Fauth%2F2.0&
200,200,4shared.com/servlet/signin/google?fp=https%3A%2F%2F4shared.com%2Faccount%2Fhome.jsp
200,200,huffpost.com/news
200,200,huffpost.com/news
200,200,huffpost.com/feature/coronavirus
200,200,huffpost.com/feature/coronavirus
200,200,microsoft.com
200,200,microsoft.com
200,200,microsoft.com
200,200,microsoft.com
200,200,4shared.com/servlet/signin/facebook?fp=https%3A%2F%2F4shared.com%2Faccount%2Fhome.jsp
200,200,foxnews.com/media
200,200,microsoft.com/en-gb/microsoft-365/p/microsoft-365-family/cfq7ttc0k5dm
200,200,bloomberg.com/europe#that-jump-content--default
200,200,4shared.com/servlet/signin/twitter?fp=https%3A%2F%2F4shared.com%2Faccount%2Fhome.jsp
200,200,foxnews.com/politics
200,200,amazon.co.jp/-/en/gp/customer-preferences/select-language/ref=topnav_lang_ais?preferencesReturnUrl=%2F
200,200,foxnews.com/us
200,200,cnet.com/news/google-io-keynote
200,200,bloomberg.com/company/?utm_source=bloomberg-menu&utm_medium=bcom
200,200,bloomberg.com/europe#skip-to-main-content
200,200,amazon.co.uk/gp/customer-preferences/select-language/ref=topnav_lang?preferencesReturnUrl=%2F
200,200,cnet.com/news/eurovision-2021-peacock-is-now-the-exclusive-us-streamer-heres-when-to-watch
200,200,cnet.com/news/google-and-samsung-are-combining-to-reboot-android-watches-with-a-dose-of-fitbit-too
200,200,amazon.co.uk/cookieprefs?ref_=portal_banner_cpp
200,200,google.com/photos/about
200,200,amazon.co.uk/ref=nav_logo
200,200,amazon.de/gp/customer-preferences/select-language/ref=topnav_lang?preferencesReturnUrl=%2F
200,200,sale.aliexpress.com/cookie-setting.htm
200,200,accounts.google.com/AccountChooser?continue=https%3A%2F%2Fget.google.com%2Falbumarchive&followup=https%3A%2F%2Fget.google.com%2Falbumarchive&rip=1
200,200,harvard.edu/coronavirus
200,200,directory.harvard.edu
200,200,academia.edu/#site
200,200,amazon.de/ref=nav_logo
200,200,harvard.edu/#main-content
200,200,surveymonkey.com/mp/enterprise
200,200,academia.edu/upgrade-browser
200,200,itunes.apple.com/app/aliexpress-for-ipad/id854356557
200,200,amazon.de/cookieprefs?ref_=portal_banner_cpp
200,200,surveymonkey.com/mp/take-a-tour
200,200,surveymonkey.com/?ut_source=homepage&ut_source3=header
200,200,mozilla.org/es-ES/firefox/new
200,200,google.com/intl/es_es/chrome
200,200,microsoft.com/es-es/edge
200,200,pl.wikipedia.org/wiki/Wikipedia:Strona_g%C5%82%C3%B3wna#searchInput
200,200,pl.wikipedia.org/wiki/Wikipedia
200,200,nginx.com/privacy-policy/#analytics-opt-outs
200,200,spotify.com/nl/signup?forward_url=https%3A%2F%2Fspotify.com%2Fnl%2Fdownload%2F
200,200,newyorker.com/account/saved
200,200,disneyplus.com/welcome?cid=DTCI-Synergy-Disneycom-Site-NA-DisneyPlus-US-DisneyPlus-DisneyPlus-EN-DropdownNav-Mobile
200,200,cbc.ca/search
200,200,xbox.com/en-GB/xbox-game-pass?xr=shellnav
200,200,welt.de/newsticker
200,200,wikihow.com/Main-Page#wh-dialog-login
200,200,photos.google.com/login
200,200,indiatimes.com/news
200,200,cbc.ca/sitemap
200,200,photos.app.goo.gl/y2mM
200,200,spotify.com/nl
200,200,microsoft.com
200,200,microsoft.com
200,200,microsoft.com
200,200,microsoft.com
200,200,xbox.com/en-GB/?xr=mebarnav
200,200,pl.wikipedia.org/wiki/Wikipedia:Strona_g%C5%82%C3%B3wna#mw-head
200,200,cbc.ca/#content
200,200,digitale-angebote.welt.de/?cid=onsite.ca.performance.aquisition.welt_plus.abo-button.neu
200,200,newyorker.com/newsletters
200,200,disneyplus.com/welcome?cid=DTCI-Synergy-Disneycom-Site-NA-DisneyPlus-US-DisneyPlus-DisneyPlus-EN-GlobalNav-Desktop
200,200,spotify.com/nl/#start-of-content
200,200,indiatimes.com/videos
200,200,welt.de/apps
200,200,wikihow.com/Main-Page
200,200,nginx.com/#less-info
200,200,nginx.com/#content
200,200,indiatimes.com/login
200,200,newyorker.com/#main-content
200,200,enable-javascript.com/de
200,200,enable-javascript.com/#nogo
200,200,enable-javascript.com/hr
200,200,imageshack.com/applications
200,200,imageshack.com/upgrade
200,200,imageshack.com/upgrade
200,200,photos.google.com
200,200,repubblica.it/commenti
200,200,imageshack.com/about
200,200,imageshack.com/about
200,200,quotidiano.repubblica.it/edicola/catalogogenerale.jsp
200,200,secure.lemonde.fr/sfuser/connexion
200,200,journal.lemonde.fr
200,200,repubblica.it/premium
200,200,abo.lemonde.fr/#xtor=CS1-454[CTA_LMFR]-[HEADER]-5-[Home]
200,200,photos.google.com/apps
200,200,passport.alibaba.com/icbu_login.htm?tracelog=hd_signin
200,200,imageshack.com/about
200,200,imageshack.com/about
200,200,imageshack.com/upgrade
200,200,imageshack.com/upgrade
200,200,author.envato.com
200,200,forums.envato.com
200,200,accounts.alibaba.com/register/register.htm?tracelog=hd_joinfree
200,200,imageshack.com
200,200,netflix.com/login
200,200,sputniknews.com/docs/about/privacy_policy.html#right-to-withdraw-consent
200,200,elements.envato.com/?utm_source=Market&utm_medium=promos&utm_campaign=elements_mkt-headernav_our_products&utm_content=headernav
200,200,sputniknews.com/docs/about/privacy_policy.html#without-identification
200,200,sputniknews.com/docs/about/cookie.html
200,200,php.net/get-involved
200,200,goodreads.com/user/sign_up?email_signup=true
200,200,get.google.com/albumarchive
200,200,help.netflix.com/en/legal/privacy#cookies
200,200,php.net/docs.php
200,200,php.net/downloads
200,200,news.com.au/#footer
200,200,facebook.com/v3.1/dialog/oauth?client_id=2415071772&redirect_uri=https%3A%2F%2Fgoodreads.com%2Fuser%2Fnew&scope=email%2Cuser_friends&state=fb_oauth_state_7ccd5878-409a-4247-a850-3f80801429b3
200,200,loc.gov/about/pandemic-information/for-public
200,200,news.com.au/#content
200,200,news.com.au/#nav
200,200,weather.lycos.com
200,200,loc.gov/about/pandemic-information/for-researchers
200,200,mail.lycos.com
200,200,goodreads.com/amazon/login/redirect_to_amazon_login_url
200,200,ikea.com/global/en/#to-local-site
200,200,tripod.lycos.com
200,200,ikea.today
200,200,keitai.biglobe.ne.jp
200,200,trustpilot.com/blog
200,200,about.ikea.com
200,200,loc.gov/#skip-to-content
200,200,login.sso.biglobe.ne.jp/scpf_op/auth.php
200,200,ea.com/games/madden-nfl/madden-nfl-21
200,200,service.biglobe.ne.jp/?genre=top
200,200,cambridge.org/#main-content
200,200,cambridge.org/#globalnav
200,200,trustpilot.com/categories
200,200,mirror.co.uk/all-about/coronavirus-1
200,200,corporate.walmart.com/privacy-security
200,200,walmart.com/account/api/ccpa-intake?native=false&type=sod
200,200,help.walmart.com/app/answers/detail/a_id/8
200,200,cambridge.org/about-us/legal-notices/cookies-policy
200,200,search.abc.net.au
200,200,mirror.co.uk/news
200,200,abc.net.au/#content
200,200,abc.net.au/news
200,200,mirror.co.uk/sport/football
200,200,en.wikipedia.org
200,200,en.wikipedia.org
200,200,bandcamp.com/tag/metal?from=autocomplete
200,200,ja.wikipedia.org
200,200,ja.wikipedia.org
200,200,es.wikipedia.org
200,200,es.wikipedia.org
200,200,bandcamp.com/fair_trade_music_policy
200,200,tipline.hollywoodreporter.com
200,200,hollywoodreporter.com/#pagetop
200,200,bandcamp.com/tag/electronic?from=autocomplete
200,200,ietf.org/about/mission
200,200,stackoverflow.com/questions
200,200,ietf.org/#content
200,200,ietf.org/about
200,200,pages.email.hollywoodreporter.com/signup
200,200,service.bund.de/#filter
200,200,stackoverflow.com/company
200,200,service.bund.de/Content/DE/Home/homepage_node.html
200,200,stackoverflow.com/teams
200,200,service.bund.de/#nav-global
200,200,wordpress.com/wp-login.php?redirect_to=https%3A%2F%2Fwordpress.com%2F
200,200,wordpress.com/wp-login.php?redirect_to=https%3A%2F%2Fwordpress.com%2F
200,200,nikkei.com/paper
200,200,metro.co.uk/tag/coronavirus
200,200,wordpress.com/pricing
200,200,wordpress.com/pricing
200,200,wordpress.com
200,200,wordpress.com
200,200,wordpress.com
200,200,metro.co.uk/sport
200,200,metro.co.uk/news
200,200,amazon.es/cookieprefs?ref_=portal_banner_cpp
200,200,r.nikkei.com/stories
200,200,amazon.es/gp/customer-preferences/select-language/ref=topnav_lang?preferencesReturnUrl=%2F
200,200,dfiles.eu/login.php?return=%2F
200,200,dfiles.eu
200,200,amazon.es/ref=nav_logo
200,200,cornell.edu/about
200,200,cornell.edu/about
200,200,dfiles.eu/faq.html#cookie
200,200,cornell.edu/#main
200,200,techcrunch.com/2021/05/18/daily-crunch-5
200,200,cornell.edu/about
200,200,cornell.edu/about
200,200,britannica.com/on-this-day
200,200,britannica.com/games
200,200,techcrunch.com/2021/05/18/roofr-just-nailed-down-a-second-seed-round-to-make-new-roofing-sales-a-cinch-to-close
200,200,britannica.com/quiz/browse
200,200,buzzfeed.com/tvandmovies
200,200,techcrunch.com/author/connie-loizos
200,200,ft.com#site-content
200,200,gofundme.com/c/success
200,200,text.npr.org/s.php?sId=609131973#your-choices
200,200,ft.com/accessibility
200,200,text.npr.org/s.php?sId=179876898
200,200,text.npr.org/s.php?sId=609791368
200,200,ft.com#site-navigation
200,200,gofundme.com/privacy
200,200,gofundme.com/discover
200,200,buzzfeed.com/quizzes
200,200,buzzfeed.com/#buzz-content
200,200,abc.es/play/television/eurovision/abci-quien-ganara-eurovision-2021-casas-apuestas-nsv-202105171246_noticia.html#vca=mod-esnoticia-p3&vmc=eurovision-2021&vso=abc-es&vli=portada.portada
200,200,abc.es/sociedad/abci-que-pasa-si-no-quiero-vacuna-astrazeneca-nsv-202105171651_noticia.html#vca=mod-esnoticia-p2&vmc=vacuna-astrazeneca&vso=abc-es&vli=portada.portada
200,200,en.unesco.org/#main-content
200,200,kickstarter.com/?ref=nav
200,200,fr.unesco.org
200,200,en.unesco.org
200,200,abc.es/espana/abci-ceuta-ultima-hora-crisis-marruecos-directo-202105181029_directo.html#vca=mod-esnoticia-p1&vmc=ceuta-crisis-marruecos&vso=abc-es&vli=portada.portada
200,200,columbia.edu/content/admissions
200,200,columbia.edu#main-content
200,200,urbandictionary.com/popular.php?character=C
200,200,bloglovin.com/login
200,200,urbandictionary.com/popular.php?character=B
200,200,columbia.edu/content
200,200,help.bloglovin.com
200,200,urbandictionary.com/popular.php?character=A
200,200,try.alexa.com/resources
200,200,r.nikkei.com/mynews
200,200,alexa.com/#content
200,200,try.alexa.com/offer/guided-tour
200,200,news.yahoo.com
200,200,news.yahoo.com
200,200,news.yahoo.com
200,200,news.yahoo.com
200,200,yahoo.com
200,200,yahoo.com
200,200,yahoo.com
200,200,yahoo.com
200,200,psychologytoday.com/intl
200,200,plus.google.com/118239121095465976293
200,200,ted.com/recommends?exploreCTASource=main-nav.item
200,200,enable-javascript.com
200,200,enable-javascript.com
200,200,privacyshield.gov/welcome#content
200,200,member.psychologytoday.com/us/login
200,200,umich.edu/#content
200,200,ted.com/talks
200,200,psychologytoday.com/intl/search
200,200,ro.umich.edu/calendars
200,200,chicagotribune.com/consumer-reviews/#nt=tertiarynavbar
200,200,sexualmisconduct.umich.edu/reporting-process
200,200,chicagotribune.com/#nt=mastheadnavbar
200,200,code.google.com/archive
200,200,privacyshield.gov/list
200,200,chicagotribune.com/#skip-to-content
200,200,developers.google.com
200,200,opensource.google.com
200,200,groups.google.com/forum/m
200,200,instructables.com/craft
200,200,instructables.com/circuits
200,200,instructables.com/workshop
200,200,jalopnik.com
200,200,avclub.com
200,200,avclub.com
200,200,avclub.com
200,200,avclub.com
200,200,dw.com/en/top-stories/s-9097#bodyContent
200,200,nypost.com/metro
200,200,rottentomatoes.com/about#whatisthetomatometer
200,200,dw.com/en/top-stories/s-9097
200,200,dw.com/a-18265246
200,200,nypost.com/news
200,200,nypost.com/#content-wrapper
200,200,netvibes.com/en#main-content
200,200,rottentomatoes.com/#main-page-content
200,200,netvibes.com/en/basic
200,200,noaa.gov/climate
200,200,netvibes.com/en
200,200,noaa.gov/#main
200,200,noaa.gov/weather
200,200,rottentomatoes.com/#masthead-dropdown-menus
200,200,deadspin.com
200,200,deadspin.com
200,200,deadspin.com
200,200,deadspin.com
200,200,newsweek.com/business
200,200,nginx.org/ru
200,200,newsweek.com/us
200,200,nginx.org/2020.html
200,200,newsweek.com/world
200,200,addthis.com/get
200,200,addthis.com/academy
200,200,nginx.com/blog/how-to-choose-a-service-mesh/?utm_medium=nginxorg&utm_source=homepagehero&utm_campaign=ww-nx_pgkub
200,200,sapo.pt/noticias/desporto
200,200,sapo.pt/noticias/atualidade
200,200,sapo.pt/noticias/covid19
200,200,princeton.edu/meet-princeton/service-humanity
200,200,ru.wikipedia.org/wiki/%D0%A0%D0%98%D0%90_%D0%9D%D0%BE%D0%B2%D0%BE%D1%81%D1%82%D0%B8
200,200,gnu.org/#content
200,200,vk.com/ria
200,200,princeton.edu/meet-princeton
200,200,addthis.com/blog
200,200,princeton.edu/#main-content
200,200,fsf.org/fss
200,200,theguardian.com/international#maincontent
200,200,theguardian.com/international#maincontent
200,200,theguardian.com/international
200,200,theguardian.com/international
200,200,cbsnews.com/app/?ftag=CNM-00-10abb3f
200,200,cbsnews.com/live/?ftag=CNM-00-10abb3f
200,200,cbsnews.com/cbsvillage
200,200,"support.theguardian.com/contribute?INTCMP=header_support_contribute&acquisitionData=%7B%22source%22:%22GUARDIAN_WEB%22,%22componentType%22:%22ACQUISITIONS_HEADER%22,%22componentId%22:%22header_support_contribute%22%7D"
200,200,"support.theguardian.com/contribute?INTCMP=header_support_contribute&acquisitionData=%7B%22source%22:%22GUARDIAN_WEB%22,%22componentType%22:%22ACQUISITIONS_HEADER%22,%22componentId%22:%22header_support_contribute%22%7D"
200,200,20minutos.es/noticia/4700389/0/receta-helado-casero-cremoso-dos-ingredientes
200,200,ja.wikipedia.org/wiki/Wikipedia:%E3%82%A6%E3%82%A3%E3%82%AD%E3%83%9A%E3%83%87%E3%82%A3%E3%82%A2%E3%81%AB%E3%81%A4%E3%81%84%E3%81%A6
200,200,ja.wikipedia.org/wiki/%E3%83%A1%E3%82%A4%E3%83%B3%E3%83%9A%E3%83%BC%E3%82%B8#mw-head
200,200,ja.wikipedia.org/wiki/%E3%83%A1%E3%82%A4%E3%83%B3%E3%83%9A%E3%83%BC%E3%82%B8#searchInput
200,200,20minutos.es/cinemania/series/10-series-de-adolescentes-imprescindibles-para-ver-en-netflix-4699984
200,200,fsf.org/associate/support_freedom?referrer=4052
200,200,20minutos.es/noticia/4700177/0/marcha-verde-frente-polisario-sahara-espanol-1975
200,200,amazon.fr/ap/signin?openid.pape.max_auth_age=0&openid.return_to=https%3A%2F%2Famazon.fr%2F%3F_encoding%3DUTF8%26ref_%3Dnav_ya_signin&openid.identity=http%3A%2F%2Fspecs.openid.net%2Fauth%2F2.0%2Fidentifier_select&openid.assoc_handle=frflex&openid.mode=checkid_setup&openid.claimed_id=http%3A%2F%2Fspecs.openid.net%2Fauth%2F2.0%2Fidentifier_select&openid.ns=http%3A%2F%2Fspecs.openid.net%2Fauth%2F2.0&
200,200,amazon.fr/cookieprefs?ref_=portal_banner_cpp
200,200,amazon.fr/ref=nav_logo
200,200,espn.com/mlb
200,200,espn.com/nba
200,200,espn.com/nba
200,200,naver.com/#timesquare
200,200,espn.com/nfl
200,200,espn.com/nfl
200,200,bigcharts.marketwatch.com
200,200,wsj.com/about-us?mod=wsjcorphat
200,200,naver.com/#themecast
200,200,naver.com/#newsstand
200,200,express.co.uk/news/weather
200,200,web.mit.edu/education
200,200,help.twitter.com/using-twitter/url-shortener
200,200,web.mit.edu/#main
200,200,web.mit.edu
200,200,bitly.com/pages/why-bitly
200,200,bitly.com/pages/why-bitly
200,200,oracle.com/universal-menu
200,200,pbs.org/#maincontent
200,200,oracle.com/corporate/accessibility
200,200,bitly.com/#content
200,200,bitly.com/#content
200,200,pbs.org/my-list-shows
200,200,oracle.com/index.html#maincontent
200,200,barrons.com
200,200,pbs.org/search
200,200,facebook.com/DailyExpress
200,200,bitly.com/pages
200,200,bitly.com/pages
200,200,blackberry.com/us/en
200,200,sciencemag.org/#main-content
200,200,tripadvisor.com/RegistrationController?flow=sign_up_and_save&returnTo=%2F&fullscreen=true&flowOrigin=login&hideNavigation=true&isLithium=true
200,200,tripadvisor.com/Inbox
200,200,science.sciencemag.org
200,200,engadget.com/gaming
200,200,blackberry.com/us/en/products/unified-endpoint-security/blackberry-protect
200,200,engadget.com/gear
200,200,google.com/chrome
200,200,google.com/chrome
200,200,google.com/chrome
200,200,blackberry.com/content/blackberry-com/us/en/products/unified-endpoint-security
200,200,engadget.com/reviews
200,200,enable-javascript.com
200,200,enable-javascript.com
200,200,aaas.org
200,200,help.soundcloud.com/hc/articles/115003564308-Technical-requirements
200,200,tripadvisor.com/Trips
200,200,nbcnews.com/health/coronavirus
200,200,nbcnews.com/specials/plan-your-vaccine
200,200,berkeley.edu/#content
200,200,nbcnews.com/?icid=nav_bar_logo
200,200,sfgate.com/aboutsfgate
200,200,workspace.google.com/products/gmail/?utm_source=gmailforwork&utm_medium=et&utm_campaign=global-xsell-website-ft-gmail_for_work_googleworkspacelink&utm_content=forwork
200,200,workspace.google.com/products/gmail/?utm_source=gmailforwork&utm_medium=et&utm_campaign=global-xsell-website-ft-gmail_for_work_googleworkspacelink&utm_content=forwork
200,200,coronavirus.berkeley.edu
200,200,sfgate.com/#content
200,200,cdc.gov/coronavirus/2019-ncov
200,200,link.sfgate.com/join/signup-sfgate
200,200,smh.com.au/#sections
200,200,washington.edu/#main_content
200,200,uw.edu
200,200,uw.edu/studentlife
200,200,ja.wikipedia.org
200,200,ja.wikipedia.org
200,200,es.wikipedia.org
200,200,es.wikipedia.org
200,200,smh.com.au/#footer
200,200,smh.com.au/#content
200,200,en.wikipedia.org
200,200,en.wikipedia.org
200,200,afternic.com/premium-partner-levels
200,200,nationalgeographic.com/search
200,200,whitehouse.gov/priorities
200,200,browsehappy.com
200,200,afternic.com/afternic-domain-marketplace
200,200,thetimes.co.uk#main-container
200,200,thetimes.co.uk/#section-news
200,200,nationalgeographic.com/renew
200,200,whitehouse.gov/administration
200,200,whitehouse.gov/#content
200,200,gruppenkonto.spiegel.de/authenticate?requestAccessToken=true&targetUrl=https%3A%2F%2Fwww.spiegel.de%2Ffuermich%2F
200,200,box.com/products-and-features/shuttle
200,200,abo.spiegel.de/?b=SPOHNAVABO&requestAccessToken=true&sara_icid=disp_upd_9h6L5hu8K1AAnttzYATx3hvk7taDkP&targetUrl=https%3A%2F%2Fwww.spiegel.de%2Ffuermich%2F
200,200,home.thetimes.co.uk/myBilling
200,200,detik.com/terpopuler?tag_from=framebar
200,200,accounts.google.com/AccountChooser?service=mail&continue=https://mail.google.com/mail
200,200,accounts.google.com/AccountChooser?service=mail&continue=https://mail.google.com/mail
200,200,arabic.rt.com
200,200,box.com/home
200,200,actualidad.rt.com
200,200,detik.com/?tagfrom=framebar
200,200,mysql.com/about/contact
200,200,box.com/overview
200,200,russian.rt.com
200,200,news.detik.com/kolom/kirim?tag_from=framebar
200,200,elmundo.es/cultura/musica/2021/05/18/60a36145fc6c83ce288b4572.html
200,200,mysql.com/auth/register
200,200,mysql.com/auth/login/?dest=https%3A%2F%2Fmysql.com%2F
200,200,nature.com/siteindex
200,200,spiegel.de/#Inhalt
204,204,pubads.g.doubleclick.net/gampad/jump?iu=/285/nature.com/homepage&sz=728x90&pos=top;type=homepage;path=/nature
200,200,nature.com/#content
200,200,elmundo.es/ciencia-y-salud/salud/2021/05/18/60a3485b21efa0ba238b45f3.html
200,200,ru.wikipedia.org/wiki/%D0%97%D0%B0%D0%B3%D0%BB%D0%B0%D0%B2%D0%BD%D0%B0%D1%8F_%D1%81%D1%82%D1%80%D0%B0%D0%BD%D0%B8%D1%86%D0%B0#mw-head
200,200,elmundo.es/espana/2021/05/18/60a3784521efa0883b8b463f.html
200,200,ru.wikipedia.org/w/index.php?title=%D0%A1%D0%BB%D1%83%D0%B6%D0%B5%D0%B1%D0%BD%D0%B0%D1%8F:%D0%96%D1%83%D1%80%D0%BD%D0%B0%D0%BB%D1%8B&type=review&page=%D0%97%D0%B0%D0%B3%D0%BB%D0%B0%D0%B2%D0%BD%D0%B0%D1%8F_%D1%81%D1%82%D1%80%D0%B0%D0%BD%D0%B8%D1%86%D0%B0
200,200,dotdash.com/our-brands
200,200,news.yahoo.com
200,200,news.yahoo.com
200,200,news.yahoo.com
200,200,news.yahoo.com
200,200,ru.wikipedia.org/wiki/%D0%92%D0%B8%D0%BA%D0%B8%D0%BF%D0%B5%D0%B4%D0%B8%D1%8F:%D0%9F%D0%B0%D1%82%D1%80%D1%83%D0%BB%D0%B8%D1%80%D0%BE%D0%B2%D0%B0%D0%BD%D0%B8%D0%B5
200,200,dotdash.com/#dash_nav
200,200,dotdash.com/dash-home
200,200,nl.godaddy.com/#promo-banner-modal
200,200,yahoo.com
200,200,yahoo.com
200,200,yahoo.com
200,200,yahoo.com
200,200,nl.godaddy.com
200,200,nl.godaddy.com/#close
200,200,variety.com/c/asia
200,200,blog.google
200,200,cnbc.com/markets
200,200,pages.email.variety.com/signup
200,200,disk.yandex.com
200,200,deezer.com/en/offers
200,200,cnbc.com/world
200,200,deezer.com/en/download/?direct_dl&utm_source=device&utm_campaign=mkg-desktop_app&utm_medium=player-obj_download&utm_content=feature-desktop_app
200,200,cnbc.com/world/?region=world#MainContent
200,200,variety.com/tips
200,200,yandex.com
200,200,passport.yandex.com/auth?from=cloud&origin=disk_landing2_signin_ru&retpath=https%3A%2F%2Fdisk.yandex.com%3Fsource%3Dlanding2_signin_ru&backpath=https%3A%2F%2Fdisk.yandex.com%3F
200,200,livejournal.com/syn
200,200,deezer.com/en
200,200,livejournal.com/2020
200,200,corriere.it/caffe-gramellini
200,200,livejournal.com/browse
200,200,cia.gov/careers
200,200,cia.gov/careers
200,200,corriere.it/lettere-al-direttore
200,200,cia.gov/careers
200,200,cia.gov/careers
200,200,airbnb.com/#site-content
200,200,login.yahoo.com/?.lang=en-US&src=help
200,200,boutique.orange.fr/internet-mobile/pack-open-fibre/open-70go
200,200,cia.gov/index.html#main-content
200,200,corriere.it/firme
200,200,airbnb.com/s/experiences/online
200,200,help.yahoo.com
200,200,airbnb.com/covid-traveler
200,200,blog.google#jump-content
200,200,m.boutique.orange.fr/internet/offres-fibre
200,200,help.yahoo.com/kb/enable-javascript-sln3020.html
200,200,oreilly.com/online-learning/try-now.html
200,200,politico.com/magazine
200,200,statista.com/#main-content
200,200,politico.com/agenda
200,200,oreilly.com/#maincontent
200,200,politicopro.com
200,200,thefreedictionary.com/_/help/help1.htm
200,200,dot.tk/ru/index.html
200,200,dot.tk/zh/index.html
200,200,businessemail.rediff.com?sc_cid=ushome
200,200,statista.com/register/corporate?source=allPages
200,200,up.thefreedictionary.com/trc.ashx?sender=farlex&info=download
200,200,learning.oreilly.com/accounts/login-check
200,200,mail.rediff.com/cgi-bin/login.cgi
200,200,money.rediff.com
200,200,statista.com/accounts
200,200,s.tabelog.com/?format=html
200,200,play.google.com/store/apps/details?id=com.kakaku.tabelog
200,200,itunes.apple.com/jp/app/id763377066?mt=8
200,200,utexas.edu/#ut-page-content
200,200,thedailybeast.com/crossword-puzzles?tdb_source=crosswords&tdb_medium=above_logo
200,200,fortune.com/#content
200,200,cointernet.com.co/el-equipo
200,200,investopedia.com/corporate-finance-and-accounting-4689821
200,200,dot.tk/en/index.html
200,200,accounts.google.com/SignUp?service=cl&continue=https%3A%2F%2Fcalendar.google.com%2Fcalendar%2Frender
200,200,fortune.com/fortune500
200,200,zdnet.fr
200,200,cointernet.com.co/preguntas-frecuentes
200,200,zdnet.de
200,200,investopedia.com/economy-4689801
200,200,fortune.com/rankings
200,200,control.cointernet.com.co/servlet/LoginServlet?role=customer
200,200,investopedia.com/financial-term-dictionary-4769738
200,200,thedailybeast.com/membership?tdb_source=membership&tdb_medium=above_logo
200,200,xing.com/start/signup?registration=1
200,200,protect.utexas.edu/campus-operations/#campus-open-status
200,200,thedailybeast.com/tips
200,200,faq.xing.com/en/settings/enable-javascript-my-browser
200,200,login.xing.com/recovery
200,200,wn.com/#local
200,200,ru.wiktionary.org
200,200,el.wiktionary.org
200,200,arstechnica.com:443/gadgets
200,200,wn.com/#search-tab
200,200,coronavirus.utexas.edu/campus-announcements
200,200,e-recht24.de/homeoffice-generator.html
200,200,en.wiktionary.org
200,200,arstechnica.com:443/#main
200,200,dribbble.com/acreno
200,200,arstechnica.com:443/information-technology
200,200,e-recht24.de/impressum-generator.html
200,200,wn.com/#news-tab
200,200,dribbble.com/signup/new
200,200,cmu.edu/coronavirus/index.html
200,200,dribbble.com/shots/15678043--K
200,200,e-recht24.de/muster-datenschutzerklaerung.html
200,200,pastebin.com/faq
200,200,pastebin.com/tools
200,200,pastebin.com/doc_api
200,200,ca.gov/#main-content
200,200,cmu.edu/#nav
200,200,cmu.edu/#menu
200,200,accounts.google.com/AccountChooser?continue=https%3A%2F%2Fcalendar.google.com%2Fcalendar%2Frender&followup=https%3A%2F%2Fcalendar.google.com%2Fcalendar%2Frender&service=cl&scc=1&osid=1&rip=1
200,200,COVID19.CA.gov
200,200,target.com/c/shop-all-categories/-/N-5xsxf
200,200,facebook.com/sharer/sharer.php?u=https%3A%2F%2Fca.gov%2F&display=popup
200,200,debian.org/#content
200,200,bits.debian.org
200,200,micronews.debian.org
200,200,iubenda.com/de
200,200,iubenda.com/it
200,200,target.com#footer
200,200,iubenda.com/en
200,200,target.com#content
200,200,subscribe.rollingstone.com
200,200,news.yahoo.com
200,200,news.yahoo.com
200,200,news.yahoo.com
200,200,news.yahoo.com
200,200,support.so-net.ne.jp/supportsitedetailpage?id=000012172
200,200,sony.co.jp
200,200,api.pmc.com/authorization/login?returnTo=https%3A%2F%2Fwww.rollingstone.com%2F&brand=rs&source=website
200,200,inc.com/cameron-albert-deitch/florida-social-media-platforms-law-business-explainer.html
200,200,inc.com/myaccount
200,200,vk.com
200,200,rollingstone.com/tips
200,200,udemy.com/courses/development/data-science
200,200,oecd-ilibrary.org
200,200,yahoo.com
200,200,yahoo.com
200,200,yahoo.com
200,200,yahoo.com
200,200,data.oecd.org
200,200,doi.org/faq.html
200,200,oecdbetterlifeindex.org
200,200,udemy.com/courses/development/web-development
200,200,vk.com/away.php?to=https%3A%2F%2Fwww.google.com%2Fchrome&badbrowser=chrome
200,200,vk.com/away.php?to=https%3A%2F%2Fwww.google.com%2Fchrome&badbrowser=chrome
200,200,inc.com/innovate
200,200,ndtv.com/business?pfrom=home-ndtv_header-globalnav
200,200,doi.org/factsheets.html
200,200,udemy.com/courses/development
200,200,doi.org/hb.html
200,200,ndtv.com/?pfrom=home-ndtv_header-globalnav
200,200,archives.gov/social-media/blogs.html
200,200,archives.gov/#page-header
200,200,ndtv.in/?pfrom=home-ndtv_header-globalnav
200,200,archives.gov/#main-col
200,200,entrepreneur.com/franchises/featured-opportunities
200,200,dfw.cbslocal.com/live/cbsn-dfw
200,200,boston.cbslocal.com/live/cbsn-boston
200,200,chicago.cbslocal.com/live/cbsn-chicago
200,200,ox.ac.uk/#main-content
200,200,ox.ac.uk/about/divisions-and-departments
200,200,skype.com/en/international-calls
200,200,intel.com/content/us/en/legal/terms-of-use.html
200,200,humanities.ox.ac.uk
200,200,skype.com/en/get-skype
200,200,so-net.ne.jp/common/IPv6/index.html
200,200,intel.com/content/us/en/homepage.html#primary-content
200,200,intel.com/content/us/en/homepage.html
200,200,microsoft.com
200,200,microsoft.com
200,200,microsoft.com
200,200,microsoft.com
200,200,vk.com/away.php?to=https%3A%2F%2Fwww.mozilla.org&badbrowser=firefox
200,200,vk.com/away.php?to=https%3A%2F%2Fwww.mozilla.org&badbrowser=firefox
200,200,weforum.org:443/reports
200,200,weforum.org:443/agenda/archive
200,200,services.businesswire.com/multimedia-distribution
200,200,asahi.com/#MainInner
200,200,services.businesswire.com/press-release-disclosure
200,200,services.businesswire.com/press-release-distribution
200,200,weforum.org:443/platforms
200,200,marketwatch.com/watchlist
200,200,dell.com/Identity/global/Login/75814991-4252-4cc4-a977-670cc21309a7?~ck=mn
200,200,asahi.com/policy/index.html
200,200,marketwatch.com/economy-politics/coronavirus
200,200,marketwatch.com/latest-news
200,200,excite.co.jp/?m=cp&a=wht
200,200,dell.com/Identity/global/LoginOrRegister/5e3fb565-f5f7-419c-bf3f-18d6872d45b0?c=nl&l=nl&r=emea&s=corp&~ck=mn&redirectUrl=
200,200,dell.com/nl-nl?~ck=mn
200,200,entrepreneur.com/video
200,200,hbr.org/subscriptions?ab=topbar-subtout
200,200,excite.co.jp/?m=cp&a=gry
200,200,excite.co.jp/?m=cp&a=blk
200,200,hbr.org/insight-center/race-equity-and-power-at-work
200,200,entrepreneur.com/latest
200,200,gutenberg.org/about/contact_information.html
200,200,sakura.ad.jp/corporate
200,200,sakura.ad.jp/information/announcements/2020/02/28/1968202941
200,200,gutenberg.org/policy/collection_development.html
200,200,czateria.interia.pl/#iwa_source=sg_ikona
200,200,hbr.org/shopping-cart
200,200,reverbnation.com/band-promotion
200,200,reverbnation.com/signup?signup=artist
200,200,stuff.co.nz/national/125165406/new-deal-gives-iwi-greater-stake-in-shelly-bay-development
200,200,gutenberg.org/about
200,200,poczta.interia.pl/#iwa_source=sg_ikona
200,200,interia.pl/#iwa_source=calendar_logo
200,200,a8.net:443/about.html
200,200,stuff.co.nz/national/politics/300310699/hear-me-out-the-national-party-is-in-better-shape-than-you-think
200,200,pub.a8.net/a8v2/as/as_new_entry.html
200,200,go.microsoft.com/fwlink/?linkid=2087918
200,200,go.microsoft.com/fwlink/?linkid=2087918
200,200,a8.net:443/en
200,200,go.microsoft.com/fwlink/?linkid=2087917
200,200,go.microsoft.com/fwlink/?linkid=2087917
200,200,outlook.live.com/owa/?nlp=1
200,200,outlook.live.com/owa/?nlp=1
200,200,reverbnation.com/signup?signup=fan
200,200,stuff.co.nz/national/health/125170305/nonurgent-brain-surgery-cancelled-due-to-christchurch-hospital-bed-shortage
200,200,amazon.it/ap/signin?openid.pape.max_auth_age=0&openid.return_to=https%3A%2F%2Famazon.it%2F%3F_encoding%3DUTF8%26ref_%3Dnav_ya_signin&openid.identity=http%3A%2F%2Fspecs.openid.net%2Fauth%2F2.0%2Fidentifier_select&openid.assoc_handle=itflex&openid.mode=checkid_setup&openid.claimed_id=http%3A%2F%2Fspecs.openid.net%2Fauth%2F2.0%2Fidentifier_select&openid.ns=http%3A%2F%2Fspecs.openid.net%2Fauth%2F2.0&
200,200,amazon.it/cookieprefs?ref_=portal_banner_cpp
200,200,sakura.ad.jp
200,200,amazon.it/ref=nav_logo
200,200,prnewswire.com/resources
200,200,arxiv.org/about/ourmembers
200,200,prnewswire.com/#main
200,200,cision.com/about/accessibility
200,200,bit.ly/arXivDONATE1
200,200,thehill.com/homenews/senate
200,200,thoughtco.com/math-4133545
200,200,newscientist.com/section/news
200,200,thoughtco.com/sciences-math-4132465
200,200,thehill.com/#main-content
200,200,thoughtco.com/science-4132464
200,200,thehill.com/signup
200,200,simonsfoundation.org
200,200,usgs.gov/products
200,200,newscientist.com/sign-up
200,200,usgs.gov/#main-content
200,200,usgs.gov/science
200,200,tes.com/teaching-resources
200,200,tes.com/#main-content
200,200,amazon.ca/ap/signin?openid.pape.max_auth_age=0&openid.return_to=https%3A%2F%2Famazon.ca%2F%3F_encoding%3DUTF8%26ref_%3Dnav_ya_signin&openid.identity=http%3A%2F%2Fspecs.openid.net%2Fauth%2F2.0%2Fidentifier_select&openid.assoc_handle=caflex&openid.mode=checkid_setup&openid.claimed_id=http%3A%2F%2Fspecs.openid.net%2Fauth%2F2.0%2Fidentifier_select&openid.ns=http%3A%2F%2Fspecs.openid.net%2Fauth%2F2.0&
200,200,amazon.ca/gp/customer-preferences/select-language/ref=topnav_lang?preferencesReturnUrl=%2F
200,200,"subscription.newscientist.com/packages/newscientist-2021-12-weeks?promCode=16521,16522&packageCodes=TAP&offerCode=12i,6M"
200,200,amazon.ca/ref=nav_logo
200,200,narod.ru/konstryktory-internet-magazinov
200,200,fifa.com/index?nav=internal
200,200,thestar.com/subscribe
200,200,cisco.com/c/en/us/index.html
200,200,thestar.com/podcasts.html
200,200,fifa.com/worldcup/preliminaries/index.html
200,200,cisco.com/#fw-content
200,200,cisco.com/#fw-footer
200,200,narod.ru/programmy-dlya-sozdaniya-sajtov
200,200,iso.org/benefits-of-standards.html
200,200,narod.ru/konstryktory-lendingov
200,200,gizmodo.com
200,200,gizmodo.com
200,200,gizmodo.com
200,200,iso.org/home.html#content
200,200,marriott.com/default.mi#marriott-main-content
200,200,deadspin.com
200,200,deadspin.com
200,200,deadspin.com
200,200,deadspin.com
200,200,clean.marriott.com/#flexiblecancellation
200,200,iso.org/standards.html
200,200,avclub.com
200,200,avclub.com
200,200,avclub.com
200,200,avclub.com
200,200,slate.com/technology/2021/05/cdc-mask-guidance-premature-public-health-when-to-still-wear-a-mask.html
200,200,tes.com/international
200,200,meine.zeit.de/anmelden
200,200,foursquare.com/city-guide
200,200,foursquare.com/city-guide
200,200,zeit.de/zustimmung?url=https%3A%2F%2Fzeit.de%2Findex#main
200,200,blog.fc2.com/en
200,200,zeit.de/index
200,200,slate.com/#main
200,200,secure.id.fc2.com/?done=blog&switch_language=en
200,200,id.fc2.com/signup.php?ref=blog&switch_language=en
200,200,slate.com/news-and-politics/2021/05/israeli-airstrike-gaza-building-associated-press-al-jazeera.html
200,200,ieee.org/#mn-header
200,200,daum.net/#todayInfoTitle
200,200,daum.net/#mediaTitle
200,200,ieeexplore.ieee.org/Xplore/home.jsp
200,200,foursquare.com/#main
200,200,help.naver.jp
200,200,standards.ieee.org
200,200,foursquare.com/city-guide
200,200,foursquare.com/city-guide
200,200,daum.net/#mainServiceTitle
200,200,redhat.com/en#rh-main-content
200,200,redhat.com/en
200,200,viagens.com.br/bloga/signin
200,200,prestashop.com/fr
200,200,en.calameo.com/upgrade
200,200,viagens.com.br/bloga
200,200,viagens.com.br/bloga
200,200,prestashop.com/en/download
200,200,viagens.com.br/bloga
200,200,viagens.com.br/bloga
200,200,en.calameo.com/features
200,200,instagram.com/dot_co
200,200,deadspin.com
200,200,deadspin.com
200,200,deadspin.com
200,200,deadspin.com
200,200,livescience.com/feeds/all
200,200,gizmodo.com
200,200,gizmodo.com
200,200,gizmodo.com
200,200,redhat.com/en/search
200,200,en.calameo.com
200,200,avclub.com
200,200,avclub.com
200,200,avclub.com
200,200,avclub.com
200,200,livescience.com/#main
200,200,facebook.com/dotco
200,200,amazon.in/ap/signin?openid.pape.max_auth_age=0&openid.return_to=https%3A%2F%2Famazon.in%2F%3F_encoding%3DUTF8%26ref_%3Dnav_ya_signin&openid.identity=http%3A%2F%2Fspecs.openid.net%2Fauth%2F2.0%2Fidentifier_select&openid.assoc_handle=inflex&openid.mode=checkid_setup&openid.claimed_id=http%3A%2F%2Fspecs.openid.net%2Fauth%2F2.0%2Fidentifier_select&openid.ns=http%3A%2F%2Fspecs.openid.net%2Fauth%2F2.0&
200,200,deadspin.com
200,200,deadspin.com
200,200,deadspin.com
200,200,deadspin.com
200,200,gizmodo.com
200,200,gizmodo.com
200,200,gizmodo.com
200,200,avclub.com
200,200,avclub.com
200,200,avclub.com
200,200,avclub.com
200,200,prestashop.com/en
200,200,parallels.com/products/business
200,200,parallels.com/products
200,200,parallels.com/products/ras/remote-application-server
200,200,amazon.in/gp/customer-preferences/select-language/ref=topnav_lang?preferencesReturnUrl=%2F
200,200,facebook.com/livescience?cmpid=556687
200,200,scoop.it/share-knowledge-with-coworkers-privately
200,200,amazon.in/ref=nav_logo
200,200,dan.com/users/signup
200,200,dan.com/users/signup
200,200,scoop.it/content-curation-for-websites-blogs
200,200,espn.com/nba
200,200,espn.com/nba
200,200,dan.com/users/login
200,200,dan.com/users/login
200,200,scoop.it/policy#privacypolicy
200,200,si.edu/#main-content
200,200,dotnet.microsoft.com
200,200,dan.com
200,200,soratemplates.com/p/affiliate-program.html
200,200,si.edu/visit
200,200,microsoft.com
200,200,microsoft.com
200,200,microsoft.com
200,200,microsoft.com
200,200,soratemplates.com/p/support.html
200,200,soratemplates.com/p/services.html
200,200,dotnet.microsoft.com/learn/dotnet/what-is-dotnet
200,200,espn.com/nfl
200,200,espn.com/nfl
200,200,allrecipes.com/account/authenticationwelcome
200,200,allrecipes.com/#main-content
200,200,liveinternet.ru/stat
200,200,liveinternet.ru/journals.php?s=&action1=login
200,200,allrecipes.com/cook/my
200,200,g.liveinternet.ru/login_page.html?new
200,200,virusinfo.psu.edu/?utm_source=banner&utm_medium=psumain&utm_campaign=virusinfo
200,200,espn.com
200,200,bit.ly/2UOGTg2
200,200,digitaltrends.com/best-products
200,200,digitaltrends.com/computing/best-laptops
200,200,digitaltrends.com/home-theater/best-headphones
200,200,bit.ly/Covid19-safety
200,200,go.si.edu/si-give
200,200,scientificamerican.com/store/archive/?magazineFilterID=all
200,200,scientificamerican.com/store/subscribe/scientific-american-magazine
200,200,scientificamerican.com/#sa_body
200,200,clean.marriott.com
